,period,gross_oil_prod,gross_gas_prod,gross_ngl_prod,gross_water_prod,wi_oil_prod,wi_gas_prod,wi_ngl_prod,wi_water_prod,net_oil_prod,net_gas_prod,net_ngl_prod,realized_oil_price,realized_gas_price,realized_ngl_price,oil_revenue,gas_revenue,ngl_revenue,total_revenue,fixed_loe,variable_loe_oil,variable_loe_gas,variable_loe_water,total_variable_loe,gcp,prod_tax,ad_val_tax,total_expenses,drilling_capex,completion_capex,d_and_c,undisc_cf,PV-20.0%,Cum PV-20.0%
0,1.000,0.000,0.000,0.000,0.000,0.000,0.000,0.000,0.000,0.000,0.000,0.000,78.200,2.029,40.000,0.000,0.000,0.000,0.000,0.000,0.000,0.000,0.000,0.000,0.000,0.000,0.000,0.000,1600.000,0.000,1600.000,-1600.000,-1573.770,-1573.770
1,2.000,0.000,0.000,0.000,0.000,0.000,0.000,0.000,0.000,0.000,0.000,0.000,78.200,2.029,40.000,0.000,0.000,0.000,0.000,0.000,0.000,0.000,0.000,0.000,0.000,0.000,0.000,0.000,0.000,2200.000,2200.000,-2200.000,-2128.460,-3702.231
2,3.000,14.700,29.250,1.960,36.000,14.700,21.645,1.960,36.000,12.348,18.182,1.646,78.200,2.029,40.000,965.614,36.893,65.848,1068.354,9.500,11.760,0.000,52.560,64.320,16.727,76.921,0.000,167.469,0.000,0.000,0.000,900.885,857.302,-2844.929
3,4.000,7.427,19.696,1.320,19.947,7.427,14.575,1.320,19.947,6.238,12.243,1.108,78.200,2.029,40.000,487.849,24.842,44.340,557.030,9.500,5.941,0.000,29.123,35.065,11.264,40.106,0.000,95.934,0.000,0.000,0.000,461.096,431.596,-2413.333
4,5.000,4.881,14.785,0.991,13.798,4.881,10.941,0.991,13.798,4.100,9.190,0.832,78.200,2.029,40.000,320.609,18.648,33.284,372.541,9.500,3.905,0.000,20.145,24.049,8.455,26.823,0.000,68.828,0.000,0.000,0.000,303.713,279.622,-2133.712
5,6.000,3.601,11.804,0.791,10.547,3.601,8.735,0.791,10.547,3.025,7.338,0.664,78.200,2.029,40.000,236.575,14.889,26.574,278.037,9.500,2.881,0.000,15.399,18.280,6.751,20.019,0.000,54.549,0.000,0.000,0.000,223.488,202.387,-1931.324
6,7.000,2.838,9.807,0.657,8.537,2.838,7.257,0.657,8.537,2.384,6.096,0.552,78.200,2.029,40.000,186.392,12.369,22.077,220.838,9.500,2.270,0.000,12.463,14.733,5.608,15.900,0.000,45.742,0.000,0.000,0.000,175.096,155.965,-1775.360
7,8.000,2.332,8.377,0.561,7.170,2.332,6.199,0.561,7.170,1.959,5.207,0.471,78.200,2.029,40.000,153.188,10.566,18.859,182.613,9.500,1.866,0.000,10.468,12.334,4.791,13.148,0.000,39.773,0.000,0.000,0.000,142.840,125.147,-1650.212
8,9.000,1.974,7.305,0.489,6.181,1.974,5.405,0.489,6.181,1.658,4.540,0.411,78.200,2.029,40.000,129.668,9.213,16.444,155.325,9.500,1.579,0.000,9.024,10.603,4.177,11.183,0.000,35.464,0.000,0.000,0.000,119.861,103.293,-1546.919
9,10.000,1.708,6.471,0.434,5.431,1.708,4.788,0.434,5.431,1.434,4.022,0.364,78.200,2.029,40.000,112.175,8.161,14.567,134.903,9.500,1.366,0.000,7.930,9.296,3.700,9.713,0.000,32.209,0.000,0.000,0.000,102.694,87.048,-1459.871
10,11.000,1.502,5.804,0.389,4.844,1.502,4.295,0.389,4.844,1.262,3.608,0.327,78.200,2.029,40.000,98.680,7.321,13.066,119.068,9.500,1.202,0.000,7.073,8.274,3.319,8.573,0.000,29.666,0.000,0.000,0.000,89.401,74.538,-1385.333
11,12.000,1.339,5.260,0.352,4.372,1.339,3.892,0.352,4.372,1.125,3.269,0.296,78.200,2.029,40.000,87.969,6.634,11.841,106.443,9.500,1.071,0.000,6.383,7.454,3.008,7.664,0.000,27.626,0.000,0.000,0.000,78.817,64.637,-1320.697
12,13.000,1.207,4.807,0.322,3.983,1.207,3.557,0.322,3.983,1.014,2.988,0.271,78.200,2.029,40.000,79.269,6.062,10.821,96.152,9.500,0.965,0.000,5.815,6.781,2.749,6.923,0.000,25.952,0.000,0.000,0.000,70.200,56.626,-1264.071
13,14.000,1.097,4.424,0.296,3.658,1.097,3.274,0.296,3.658,0.922,2.750,0.249,78.200,2.029,40.000,72.071,5.580,9.959,87.610,9.500,0.878,0.000,5.341,6.218,2.530,6.308,0.000,24.556,0.000,0.000,0.000,63.053,50.027,-1214.043
14,15.000,1.005,4.096,0.274,3.382,1.005,3.031,0.274,3.382,0.844,2.546,0.231,78.200,2.029,40.000,66.020,5.167,9.222,80.409,9.500,0.804,0.000,4.938,5.742,2.343,5.789,0.000,23.374,0.000,0.000,0.000,57.035,44.511,-1169.533
15,16.000,0.927,3.813,0.255,3.145,0.927,2.822,0.255,3.145,0.778,2.370,0.215,78.200,2.029,40.000,60.867,4.809,8.584,74.261,9.500,0.741,0.000,4.591,5.333,2.181,5.347,0.000,22.360,0.000,0.000,0.000,51.901,39.840,-1129.693
16,17.000,0.859,3.566,0.239,2.939,0.859,2.639,0.239,2.939,0.722,2.216,0.201,78.200,2.029,40.000,56.428,4.497,8.027,68.952,9.500,0.687,0.000,4.290,4.978,2.039,4.965,0.000,21.481,0.000,0.000,0.000,47.471,35.842,-1093.851
17,18.000,0.800,3.348,0.224,2.758,0.800,2.477,0.224,2.758,0.672,2.081,0.188,78.200,2.029,40.000,52.566,4.222,7.536,64.325,9.500,0.640,0.000,4.027,4.667,1.914,4.631,0.000,20.713,0.000,0.000,0.000,43.612,32.389,-1061.462
18,19.000,0.749,3.154,0.211,2.598,0.749,2.334,0.211,2.598,0.629,1.961,0.178,78.200,2.029,40.000,49.177,3.978,7.101,60.257,9.500,0.599,0.000,3.793,4.392,1.804,4.338,0.000,20.034,0.000,0.000,0.000,40.222,29.381,-1032.081
19,20.000,0.703,2.981,0.200,2.456,0.703,2.206,0.200,2.456,0.591,1.853,0.168,78.200,2.029,40.000,46.181,3.761,6.712,56.653,9.500,0.562,0.000,3.585,4.148,1.705,4.079,0.000,19.432,0.000,0.000,0.000,37.221,26.744,-1005.337
20,21.000,0.662,2.826,0.189,2.328,0.662,2.091,0.189,2.328,0.556,1.757,0.159,78.200,2.029,40.000,43.513,3.565,6.363,53.441,8.000,0.530,0.000,3.399,3.929,1.616,3.848,0.000,17.393,0.000,0.000,0.000,36.047,25.475,-979.862
21,22.000,0.626,2.686,0.180,2.213,0.626,1.988,0.180,2.213,0.526,1.670,0.151,78.200,2.029,40.000,41.124,3.388,6.047,50.559,8.000,0.501,0.000,3.232,3.732,1.536,3.640,0.000,16.909,0.000,0.000,0.000,33.650,23.391,-956.470
22,23.000,0.593,2.559,0.171,2.109,0.593,1.894,0.171,2.109,0.498,1.591,0.144,78.200,2.029,40.000,38.972,3.227,5.760,47.960,8.000,0.475,0.000,3.080,3.554,1.463,3.453,0.000,16.471,0.000,0.000,0.000,31.489,21.531,-934.940
23,24.000,0.564,2.443,0.164,2.015,0.564,1.808,0.164,2.015,0.473,1.518,0.137,78.200,2.029,40.000,37.025,3.081,5.499,45.605,8.000,0.451,0.000,2.941,3.392,1.397,3.284,0.000,16.073,0.000,0.000,0.000,29.532,19.861,-915.078
24,25.000,0.537,2.337,0.157,1.928,0.537,1.729,0.157,1.928,0.451,1.452,0.132,78.200,2.029,40.000,35.254,2.947,5.260,43.462,8.000,0.429,0.000,2.815,3.244,1.336,3.129,0.000,15.710,0.000,0.000,0.000,27.752,18.358,-896.720
25,26.000,0.512,2.239,0.150,1.848,0.512,1.657,0.150,1.848,0.430,1.392,0.126,78.200,2.029,40.000,33.638,2.824,5.041,41.503,8.000,0.410,0.000,2.699,3.108,1.280,2.988,0.000,15.377,0.000,0.000,0.000,26.125,16.999,-879.721
26,27.000,0.490,2.149,0.144,1.775,0.490,1.590,0.144,1.775,0.411,1.336,0.121,78.200,2.029,40.000,32.157,2.711,4.838,39.706,8.000,0.392,0.000,2.592,2.984,1.229,2.859,0.000,15.071,0.000,0.000,0.000,24.634,15.766,-863.955
27,28.000,0.469,2.066,0.138,1.708,0.469,1.529,0.138,1.708,0.394,1.284,0.116,78.200,2.029,40.000,30.795,2.606,4.651,38.052,8.000,0.375,0.000,2.493,2.868,1.182,2.740,0.000,14.790,0.000,0.000,0.000,23.262,14.644,-849.312
28,29.000,0.450,1.989,0.133,1.645,0.450,1.472,0.133,1.645,0.378,1.236,0.112,78.200,2.029,40.000,29.538,2.509,4.478,36.525,8.000,0.360,0.000,2.402,2.762,1.137,2.630,0.000,14.529,0.000,0.000,0.000,21.996,13.620,-835.692
29,30.000,0.432,1.917,0.128,1.587,0.432,1.419,0.128,1.587,0.363,1.192,0.108,78.200,2.029,40.000,28.376,2.418,4.316,35.111,8.000,0.346,0.000,2.317,2.662,1.097,2.528,0.000,14.287,0.000,0.000,0.000,20.824,12.682,-823.010
30,31.000,0.416,1.851,0.124,1.533,0.416,1.369,0.124,1.533,0.349,1.150,0.104,78.200,2.029,40.000,27.297,2.334,4.166,33.798,8.000,0.332,0.000,2.238,2.570,1.058,2.433,0.000,14.062,0.000,0.000,0.000,19.736,11.823,-811.187
31,32.000,0.400,1.788,0.120,1.482,0.400,1.323,0.120,1.482,0.336,1.112,0.101,78.200,2.029,40.000,26.294,2.255,4.026,32.575,8.000,0.320,0.000,2.164,2.484,1.023,2.345,0.000,13.852,0.000,0.000,0.000,18.723,11.032,-800.155
32,33.000,0.386,1.730,0.116,1.435,0.386,1.280,0.116,1.435,0.324,1.075,0.097,78.200,2.029,40.000,25.359,2.182,3.894,31.435,7.700,0.309,0.000,2.095,2.403,0.989,2.263,0.000,13.356,0.000,0.000,0.000,18.079,10.478,-789.677
33,34.000,0.373,1.675,0.112,1.390,0.373,1.239,0.112,1.390,0.313,1.041,0.094,78.200,2.029,40.000,24.485,2.113,3.771,30.368,7.700,0.298,0.000,2.030,2.328,0.958,2.187,0.000,13.172,0.000,0.000,0.000,17.196,9.803,-779.874
34,35.000,0.360,1.623,0.109,1.348,0.360,1.201,0.109,1.348,0.303,1.009,0.091,78.200,2.029,40.000,23.666,2.048,3.655,29.369,7.700,0.288,0.000,1.969,2.257,0.928,2.115,0.000,13.000,0.000,0.000,0.000,16.369,9.178,-770.695
35,36.000,0.349,1.575,0.106,1.309,0.349,1.165,0.106,1.309,0.293,0.979,0.089,78.200,2.029,40.000,22.898,1.986,3.545,28.430,7.700,0.279,0.000,1.911,2.190,0.901,2.047,0.000,12.838,0.000,0.000,0.000,15.592,8.600,-762.096
36,37.000,0.338,1.529,0.102,1.272,0.338,1.132,0.102,1.272,0.284,0.951,0.086,78.200,2.029,40.000,22.176,1.929,3.442,27.547,7.700,0.270,0.000,1.857,2.127,0.874,1.983,0.000,12.685,0.000,0.000,0.000,14.862,8.063,-754.033
37,38.000,0.327,1.486,0.100,1.237,0.327,1.100,0.100,1.237,0.275,0.924,0.084,78.200,2.029,40.000,21.496,1.874,3.345,26.715,7.700,0.262,0.000,1.806,2.068,0.850,1.923,0.000,12.541,0.000,0.000,0.000,14.174,7.563,-746.470
38,39.000,0.317,1.445,0.097,1.204,0.317,1.069,0.097,1.204,0.267,0.898,0.081,78.200,2.029,40.000,20.854,1.823,3.253,25.930,7.700,0.254,0.000,1.757,2.011,0.826,1.867,0.000,12.405,0.000,0.000,0.000,13.525,7.099,-739.371
39,40.000,0.308,1.406,0.094,1.172,0.308,1.041,0.094,1.172,0.259,0.874,0.079,78.200,2.029,40.000,20.248,1.774,3.166,25.188,7.700,0.247,0.000,1.712,1.958,0.804,1.814,0.000,12.276,0.000,0.000,0.000,12.912,6.666,-732.705
40,41.000,0.300,1.369,0.092,1.142,0.300,1.013,0.092,1.142,0.252,0.851,0.077,78.200,2.029,40.000,19.675,1.727,3.083,24.485,7.700,0.240,0.000,1.668,1.908,0.783,1.763,0.000,12.154,0.000,0.000,0.000,12.331,6.262,-726.444
41,42.000,0.291,1.334,0.089,1.114,0.291,0.987,0.089,1.114,0.245,0.829,0.075,78.200,2.029,40.000,19.132,1.683,3.004,23.819,7.700,0.233,0.000,1.627,1.860,0.763,1.715,0.000,12.038,0.000,0.000,0.000,11.781,5.884,-720.560
42,43.000,0.283,1.301,0.087,1.087,0.283,0.963,0.087,1.087,0.238,0.809,0.073,78.200,2.029,40.000,18.616,1.641,2.929,23.186,7.700,0.227,0.000,1.587,1.814,0.744,1.669,0.000,11.927,0.000,0.000,0.000,11.259,5.531,-715.028
43,44.000,0.276,1.269,0.085,1.061,0.276,0.939,0.085,1.061,0.232,0.789,0.071,78.200,2.029,40.000,18.126,1.601,2.858,22.585,7.700,0.221,0.000,1.550,1.770,0.726,1.626,0.000,11.822,0.000,0.000,0.000,10.763,5.201,-709.828
44,45.000,0.269,1.239,0.083,1.037,0.269,0.917,0.083,1.037,0.226,0.770,0.070,78.200,2.029,40.000,17.661,1.563,2.790,22.013,7.700,0.215,0.000,1.514,1.729,0.709,1.585,0.000,11.723,0.000,0.000,0.000,10.291,4.891,-704.936
45,46.000,0.262,1.210,0.081,1.013,0.262,0.896,0.081,1.013,0.220,0.752,0.068,78.200,2.029,40.000,17.217,1.527,2.725,21.468,7.700,0.210,0.000,1.480,1.689,0.692,1.546,0.000,11.627,0.000,0.000,0.000,9.841,4.601,-700.335
46,47.000,0.256,1.183,0.079,0.991,0.256,0.875,0.079,0.991,0.215,0.735,0.067,78.200,2.029,40.000,16.794,1.492,2.663,20.949,7.700,0.205,0.000,1.447,1.651,0.676,1.508,0.000,11.536,0.000,0.000,0.000,9.413,4.328,-696.007
47,48.000,0.250,1.156,0.077,0.970,0.250,0.856,0.077,0.970,0.210,0.719,0.065,78.200,2.029,40.000,16.390,1.459,2.603,20.453,7.700,0.200,0.000,1.416,1.615,0.661,1.473,0.000,11.449,0.000,0.000,0.000,9.003,4.072,-691.935
48,49.000,0.244,1.131,0.076,0.949,0.244,0.837,0.076,0.949,0.205,0.703,0.064,78.200,2.029,40.000,16.005,1.427,2.547,19.978,7.700,0.195,0.000,1.386,1.581,0.647,1.438,0.000,11.366,0.000,0.000,0.000,8.612,3.831,-688.104
49,50.000,0.238,1.107,0.074,0.929,0.238,0.819,0.074,0.929,0.200,0.688,0.062,78.200,2.029,40.000,15.636,1.396,2.492,19.525,7.700,0.190,0.000,1.357,1.547,0.633,1.406,0.000,11.286,0.000,0.000,0.000,8.238,3.605,-684.499
50,51.000,0.233,1.084,0.073,0.911,0.233,0.802,0.073,0.911,0.195,0.674,0.061,78.200,2.029,40.000,15.283,1.367,2.440,19.090,7.700,0.186,0.000,1.330,1.516,0.620,1.374,0.000,11.210,0.000,0.000,0.000,7.880,3.392,-681.107
51,52.000,0.228,1.062,0.071,0.893,0.228,0.786,0.071,0.893,0.191,0.660,0.060,78.200,2.029,40.000,14.945,1.339,2.390,18.674,7.700,0.182,0.000,1.303,1.485,0.607,1.345,0.000,11.137,0.000,0.000,0.000,7.537,3.191,-677.916
52,53.000,0.223,1.040,0.070,0.875,0.223,0.770,0.070,0.875,0.187,0.647,0.059,78.200,2.029,40.000,14.621,1.312,2.342,18.275,7.700,0.178,0.000,1.278,1.456,0.595,1.316,0.000,11.066,0.000,0.000,0.000,7.208,3.002,-674.914
53,54.000,0.218,1.020,0.068,0.858,0.218,0.754,0.068,0.858,0.183,0.634,0.057,78.200,2.029,40.000,14.310,1.286,2.295,17.891,7.700,0.174,0.000,1.253,1.428,0.583,1.288,0.000,10.999,0.000,0.000,0.000,6.893,2.823,-672.091
54,55.000,0.213,1.000,0.067,0.842,0.213,0.740,0.067,0.842,0.179,0.621,0.056,78.200,2.029,40.000,14.011,1.261,2.251,17.523,7.700,0.171,0.000,1.230,1.400,0.572,1.262,0.000,10.934,0.000,0.000,0.000,6.589,2.655,-669.436
55,56.000,0.209,0.981,0.066,0.827,0.209,0.726,0.066,0.827,0.176,0.610,0.055,78.200,2.029,40.000,13.724,1.237,2.208,17.169,7.700,0.167,0.000,1.207,1.374,0.561,1.236,0.000,10.871,0.000,0.000,0.000,6.298,2.496,-666.940
56,57.000,0.205,0.962,0.064,0.812,0.205,0.712,0.064,0.812,0.172,0.598,0.054,78.200,2.029,40.000,13.448,1.214,2.166,16.829,7.700,0.164,0.000,1.185,1.349,0.550,1.212,0.000,10.811,0.000,0.000,0.000,6.018,2.346,-664.595
57,58.000,0.201,0.945,0.063,0.797,0.201,0.699,0.063,0.797,0.169,0.587,0.053,78.200,2.029,40.000,13.183,1.191,2.127,16.501,7.700,0.161,0.000,1.164,1.325,0.540,1.188,0.000,10.753,0.000,0.000,0.000,5.748,2.204,-662.391
58,59.000,0.197,0.928,0.062,0.783,0.197,0.686,0.062,0.783,0.165,0.577,0.052,78.200,2.029,40.000,12.927,1.170,2.088,16.185,7.700,0.157,0.000,1.144,1.301,0.530,1.165,0.000,10.697,0.000,0.000,0.000,5.488,2.069,-660.322
59,60.000,0.193,0.911,0.061,0.770,0.193,0.674,0.061,0.770,0.162,0.566,0.051,78.200,2.029,40.000,12.680,1.149,2.051,15.880,7.700,0.154,0.000,1.124,1.279,0.521,1.143,0.000,10.643,0.000,0.000,0.000,5.237,1.943,-658.379
60,61.000,0.189,0.895,0.060,0.757,0.189,0.662,0.060,0.757,0.159,0.556,0.050,78.200,2.029,40.000,12.442,1.129,2.015,15.586,7.700,0.152,0.000,1.105,1.257,0.512,1.122,0.000,10.591,0.000,0.000,0.000,4.995,1.823,-656.557
61,62.000,0.186,0.880,0.059,0.745,0.186,0.651,0.059,0.745,0.156,0.547,0.050,78.200,2.029,40.000,12.213,1.110,1.981,15.303,7.700,0.149,0.000,1.087,1.236,0.503,1.102,0.000,10.541,0.000,0.000,0.000,4.762,1.709,-654.848
62,63.000,0.183,0.865,0.058,0.732,0.183,0.640,0.058,0.732,0.153,0.538,0.049,78.200,2.029,40.000,11.991,1.091,1.947,15.029,4.000,0.146,0.000,1.069,1.215,0.495,1.082,0.000,6.792,0.000,0.000,0.000,8.237,2.907,-651.940
63,64.000,0.179,0.850,0.057,0.721,0.179,0.629,0.057,0.721,0.151,0.529,0.048,78.200,2.029,40.000,11.777,1.073,1.915,14.764,4.000,0.143,0.000,1.052,1.196,0.486,1.063,0.000,6.745,0.000,0.000,0.000,8.019,2.784,-649.156
64,65.000,0.176,0.837,0.056,0.709,0.176,0.619,0.056,0.709,0.148,0.520,0.047,78.200,2.029,40.000,11.570,1.055,1.883,14.508,4.000,0.141,0.000,1.035,1.176,0.478,1.045,0.000,6.699,0.000,0.000,0.000,7.809,2.667,-646.489
65,66.000,0.173,0.823,0.055,0.698,0.173,0.609,0.055,0.698,0.145,0.512,0.046,78.200,2.029,40.000,11.370,1.038,1.853,14.261,4.000,0.138,0.000,1.019,1.158,0.471,1.027,0.000,6.655,0.000,0.000,0.000,7.606,2.555,-643.934
66,67.000,0.170,0.810,0.054,0.687,0.170,0.599,0.054,0.687,0.143,0.503,0.046,78.200,2.029,40.000,11.176,1.022,1.823,14.021,4.000,0.136,0.000,1.004,1.140,0.463,1.010,0.000,6.613,0.000,0.000,0.000,7.409,2.448,-641.487
67,68.000,0.167,0.797,0.053,0.677,0.167,0.590,0.053,0.677,0.141,0.496,0.045,78.200,2.029,40.000,10.989,1.006,1.795,13.789,4.000,0.134,0.000,0.989,1.122,0.456,0.993,0.000,6.571,0.000,0.000,0.000,7.218,2.346,-639.141
68,69.000,0.165,0.785,0.053,0.667,0.165,0.581,0.053,0.667,0.138,0.488,0.044,78.200,2.029,40.000,10.807,0.990,1.767,13.564,4.000,0.132,0.000,0.974,1.106,0.449,0.977,0.000,6.531,0.000,0.000,0.000,7.033,2.248,-636.893
69,70.000,0.162,0.773,0.052,0.657,0.162,0.572,0.052,0.657,0.136,0.481,0.044,78.200,2.029,40.000,10.631,0.975,1.740,13.346,4.000,0.129,0.000,0.960,1.089,0.442,0.961,0.000,6.492,0.000,0.000,0.000,6.854,2.155,-634.738
70,71.000,0.159,0.761,0.051,0.648,0.159,0.563,0.051,0.648,0.134,0.473,0.043,78.200,2.029,40.000,10.461,0.960,1.714,13.135,4.000,0.127,0.000,0.946,1.073,0.435,0.946,0.000,6.454,0.000,0.000,0.000,6.681,2.066,-632.672
71,72.000,0.157,0.750,0.050,0.639,0.157,0.555,0.050,0.639,0.132,0.466,0.042,78.200,2.029,40.000,10.295,0.946,1.689,12.930,4.000,0.125,0.000,0.932,1.058,0.429,0.931,0.000,6.418,0.000,0.000,0.000,6.512,1.981,-630.691
72,73.000,0.154,0.739,0.050,0.630,0.154,0.547,0.050,0.630,0.130,0.460,0.042,78.200,2.029,40.000,10.134,0.932,1.664,12.731,4.000,0.123,0.000,0.919,1.043,0.423,0.917,0.000,6.382,0.000,0.000,0.000,6.349,1.900,-628.791
73,74.000,0.152,0.729,0.049,0.621,0.152,0.539,0.049,0.621,0.128,0.453,0.041,78.200,2.029,40.000,9.979,0.919,1.640,12.538,4.000,0.122,0.000,0.907,1.028,0.417,0.903,0.000,6.348,0.000,0.000,0.000,6.190,1.822,-626.969
74,75.000,0.150,0.718,0.048,0.612,0.150,0.532,0.048,0.612,0.126,0.446,0.040,78.200,2.029,40.000,9.827,0.906,1.617,12.350,4.000,0.120,0.000,0.894,1.014,0.411,0.889,0.000,6.314,0.000,0.000,0.000,6.036,1.747,-625.222
75,76.000,0.147,0.708,0.047,0.604,0.147,0.524,0.047,0.604,0.124,0.440,0.040,78.200,2.029,40.000,9.680,0.893,1.594,12.168,4.000,0.118,0.000,0.882,1.000,0.405,0.876,0.000,6.281,0.000,0.000,0.000,5.887,1.676,-623.546
76,77.000,0.145,0.698,0.047,0.596,0.145,0.517,0.047,0.596,0.122,0.434,0.039,78.200,2.029,40.000,9.537,0.881,1.572,11.991,4.000,0.116,0.000,0.870,0.987,0.399,0.863,0.000,6.249,0.000,0.000,0.000,5.741,1.608,-621.938
77,78.000,0.143,0.689,0.046,0.588,0.143,0.510,0.046,0.588,0.120,0.428,0.039,78.200,2.029,40.000,9.398,0.869,1.551,11.818,4.000,0.114,0.000,0.859,0.974,0.394,0.851,0.000,6.218,0.000,0.000,0.000,5.600,1.543,-620.395
78,79.000,0.141,0.680,0.046,0.581,0.141,0.503,0.046,0.581,0.118,0.422,0.038,78.200,2.029,40.000,9.263,0.857,1.530,11.650,4.000,0.113,0.000,0.848,0.961,0.389,0.839,0.000,6.188,0.000,0.000,0.000,5.462,1.480,-618.915
79,80.000,0.139,0.671,0.045,0.573,0.139,0.496,0.045,0.573,0.117,0.417,0.038,78.200,2.029,40.000,9.131,0.846,1.510,11.487,4.000,0.111,0.000,0.837,0.948,0.384,0.827,0.000,6.159,0.000,0.000,0.000,5.328,1.420,-617.495
80,81.000,0.137,0.662,0.044,0.566,0.137,0.490,0.044,0.566,0.115,0.411,0.037,78.200,2.029,40.000,9.003,0.835,1.490,11.328,4.000,0.110,0.000,0.827,0.936,0.378,0.816,0.000,6.130,0.000,0.000,0.000,5.198,1.363,-616.133
81,82.000,0.135,0.653,0.044,0.559,0.135,0.483,0.044,0.559,0.114,0.406,0.037,78.200,2.029,40.000,8.879,0.824,1.471,11.173,4.000,0.108,0.000,0.816,0.924,0.374,0.804,0.000,6.102,0.000,0.000,0.000,5.071,1.307,-614.825
82,83.000,0.133,0.645,0.043,0.552,0.133,0.477,0.043,0.552,0.112,0.401,0.036,78.200,2.029,40.000,8.757,0.813,1.452,11.022,4.000,0.107,0.000,0.806,0.913,0.369,0.794,0.000,6.075,0.000,0.000,0.000,4.947,1.255,-613.571
83,84.000,0.132,0.637,0.043,0.546,0.132,0.471,0.043,0.546,0.110,0.396,0.036,78.200,2.029,40.000,8.639,0.803,1.433,10.875,4.000,0.105,0.000,0.796,0.902,0.364,0.783,0.000,6.049,0.000,0.000,0.000,4.827,1.204,-612.367
84,85.000,0.130,0.629,0.042,0.539,0.130,0.465,0.042,0.539,0.109,0.391,0.035,78.200,2.029,40.000,8.524,0.793,1.416,10.732,4.000,0.104,0.000,0.787,0.891,0.360,0.773,0.000,6.023,0.000,0.000,0.000,4.709,1.155,-611.211
85,86.000,0.128,0.621,0.042,0.533,0.128,0.460,0.042,0.533,0.108,0.386,0.035,78.200,2.029,40.000,8.411,0.783,1.398,10.592,4.000,0.102,0.000,0.778,0.880,0.355,0.763,0.000,5.998,0.000,0.000,0.000,4.595,1.109,-610.102
86,87.000,0.126,0.613,0.041,0.526,0.126,0.454,0.041,0.526,0.106,0.381,0.035,78.200,2.029,40.000,8.301,0.774,1.381,10.456,4.000,0.101,0.000,0.768,0.870,0.351,0.753,0.000,5.973,0.000,0.000,0.000,4.483,1.064,-609.038
87,88.000,0.125,0.606,0.041,0.520,0.125,0.448,0.041,0.520,0.105,0.377,0.034,78.200,2.029,40.000,8.195,0.764,1.364,10.323,4.000,0.100,0.000,0.760,0.859,0.347,0.743,0.000,5.949,0.000,0.000,0.000,4.374,1.021,-608.017
88,89.000,0.123,0.599,0.040,0.514,0.123,0.443,0.040,0.514,0.103,0.372,0.034,78.200,2.029,40.000,8.090,0.755,1.348,10.193,4.000,0.099,0.000,0.751,0.849,0.342,0.734,0.000,5.926,0.000,0.000,0.000,4.268,0.980,-607.037
89,90.000,0.122,0.592,0.040,0.508,0.122,0.438,0.040,0.508,0.102,0.368,0.033,78.200,2.029,40.000,7.988,0.746,1.332,10.067,4.000,0.097,0.000,0.742,0.840,0.338,0.725,0.000,5.903,0.000,0.000,0.000,4.164,0.941,-606.096
90,91.000,0.120,0.585,0.039,0.503,0.120,0.433,0.039,0.503,0.101,0.364,0.033,78.200,2.029,40.000,7.889,0.738,1.317,9.943,4.000,0.096,0.000,0.734,0.830,0.334,0.716,0.000,5.880,0.000,0.000,0.000,4.063,0.903,-605.193
91,92.000,0.119,0.578,0.039,0.497,0.119,0.428,0.039,0.497,0.100,0.359,0.033,78.200,2.029,40.000,7.792,0.729,1.301,9.822,4.000,0.095,0.000,0.726,0.821,0.331,0.707,0.000,5.859,0.000,0.000,0.000,3.964,0.866,-604.327
92,93.000,0.117,0.571,0.038,0.492,0.117,0.423,0.038,0.492,0.098,0.355,0.032,78.200,2.029,40.000,7.697,0.721,1.287,9.704,4.000,0.094,0.000,0.718,0.812,0.327,0.699,0.000,5.837,0.000,0.000,0.000,3.867,0.831,-603.496
93,94.000,0.116,0.565,0.038,0.486,0.116,0.418,0.038,0.486,0.097,0.351,0.032,78.200,2.029,40.000,7.604,0.713,1.272,9.589,4.000,0.093,0.000,0.710,0.803,0.323,0.690,0.000,5.816,0.000,0.000,0.000,3.772,0.798,-602.698
94,95.000,0.114,0.559,0.037,0.481,0.114,0.413,0.037,0.481,0.096,0.347,0.031,78.200,2.029,40.000,7.513,0.705,1.258,9.476,4.000,0.092,0.000,0.703,0.794,0.320,0.682,0.000,5.796,0.000,0.000,0.000,3.680,0.765,-601.933
95,96.000,0.113,0.553,0.037,0.476,0.113,0.409,0.037,0.476,0.095,0.343,0.031,78.200,2.029,40.000,7.425,0.697,1.244,9.366,4.000,0.090,0.000,0.695,0.786,0.316,0.674,0.000,5.776,0.000,0.000,0.000,3.590,0.734,-601.198
96,97.000,0.112,0.547,0.037,0.471,0.112,0.404,0.037,0.471,0.094,0.340,0.031,78.200,2.029,40.000,7.338,0.689,1.230,9.258,4.000,0.089,0.000,0.688,0.777,0.313,0.667,0.000,5.756,0.000,0.000,0.000,3.501,0.705,-600.494
97,98.000,0.110,0.541,0.036,0.466,0.110,0.400,0.036,0.466,0.093,0.336,0.030,78.200,2.029,40.000,7.253,0.682,1.217,9.152,4.000,0.088,0.000,0.681,0.769,0.309,0.659,0.000,5.737,0.000,0.000,0.000,3.415,0.676,-599.818
98,99.000,0.109,0.535,0.036,0.461,0.109,0.396,0.036,0.461,0.092,0.332,0.030,78.200,2.029,40.000,7.171,0.675,1.204,9.049,4.000,0.087,0.000,0.674,0.761,0.306,0.652,0.000,5.718,0.000,0.000,0.000,3.331,0.648,-599.169
99,100.000,0.108,0.529,0.035,0.457,0.108,0.392,0.035,0.457,0.091,0.329,0.030,78.200,2.029,40.000,7.089,0.667,1.191,8.948,4.000,0.086,0.000,0.667,0.753,0.303,0.644,0.000,5.700,0.000,0.000,0.000,3.248,0.622,-598.547
100,101.000,0.107,0.524,0.035,0.452,0.107,0.387,0.035,0.452,0.090,0.325,0.029,78.200,2.029,40.000,7.010,0.660,1.179,8.849,4.000,0.085,0.000,0.660,0.746,0.299,0.637,0.000,5.682,0.000,0.000,0.000,3.167,0.597,-597.951
101,102.000,0.106,0.518,0.035,0.448,0.106,0.383,0.035,0.448,0.089,0.322,0.029,78.200,2.029,40.000,6.932,0.653,1.166,8.752,4.000,0.084,0.000,0.654,0.738,0.296,0.630,0.000,5.664,0.000,0.000,0.000,3.088,0.572,-597.379
102,103.000,0.104,0.513,0.034,0.443,0.104,0.379,0.034,0.443,0.088,0.319,0.029,78.200,2.029,40.000,6.856,0.647,1.154,8.657,4.000,0.084,0.000,0.647,0.731,0.293,0.623,0.000,5.647,0.000,0.000,0.000,3.010,0.549,-596.830
103,104.000,0.103,0.508,0.034,0.439,0.103,0.376,0.034,0.439,0.087,0.315,0.029,78.200,2.029,40.000,6.782,0.640,1.143,8.565,4.000,0.083,0.000,0.641,0.723,0.290,0.617,0.000,5.630,0.000,0.000,0.000,2.934,0.526,-596.304
104,105.000,0.102,0.502,0.034,0.435,0.102,0.372,0.034,0.435,0.086,0.312,0.028,78.200,2.029,40.000,6.709,0.634,1.131,8.474,4.000,0.082,0.000,0.635,0.716,0.287,0.610,0.000,5.614,0.000,0.000,0.000,2.860,0.504,-595.800
105,106.000,0.101,0.497,0.033,0.430,0.101,0.368,0.033,0.430,0.085,0.309,0.028,78.200,2.029,40.000,6.637,0.627,1.120,8.384,4.000,0.081,0.000,0.629,0.709,0.284,0.604,0.000,5.597,0.000,0.000,0.000,2.787,0.483,-595.317
106,107.000,0.100,0.492,0.033,0.426,0.100,0.364,0.033,0.426,0.084,0.306,0.028,78.200,2.029,40.000,6.567,0.621,1.109,8.297,4.000,0.080,0.000,0.623,0.703,0.282,0.597,0.000,5.582,0.000,0.000,0.000,2.715,0.463,-594.854
107,108.000,0.099,0.488,0.033,0.422,0.099,0.361,0.033,0.422,0.083,0.303,0.027,78.200,2.029,40.000,6.499,0.615,1.098,8.211,4.000,0.079,0.000,0.617,0.696,0.279,0.591,0.000,5.566,0.000,0.000,0.000,2.645,0.444,-594.410
108,109.000,0.098,0.483,0.032,0.418,0.098,0.357,0.032,0.418,0.082,0.300,0.027,78.200,2.029,40.000,6.431,0.609,1.087,8.127,4.000,0.078,0.000,0.611,0.689,0.276,0.585,0.000,5.551,0.000,0.000,0.000,2.577,0.425,-593.985
109,110.000,0.097,0.478,0.032,0.415,0.097,0.354,0.032,0.415,0.081,0.297,0.027,78.200,2.029,40.000,6.365,0.603,1.077,8.045,4.000,0.078,0.000,0.605,0.683,0.273,0.579,0.000,5.536,0.000,0.000,0.000,2.509,0.407,-593.577
110,111.000,0.096,0.474,0.032,0.411,0.096,0.351,0.032,0.411,0.081,0.294,0.027,78.200,2.029,40.000,6.300,0.597,1.066,7.964,4.000,0.077,0.000,0.600,0.676,0.271,0.573,0.000,5.521,0.000,0.000,0.000,2.443,0.390,-593.187
111,112.000,0.095,0.469,0.031,0.407,0.095,0.347,0.031,0.407,0.080,0.292,0.026,78.200,2.029,40.000,6.237,0.592,1.056,7.885,4.000,0.076,0.000,0.594,0.670,0.268,0.568,0.000,5.506,0.000,0.000,0.000,2.379,0.374,-592.814
112,113.000,0.094,0.465,0.031,0.403,0.094,0.344,0.031,0.403,0.079,0.289,0.026,78.200,2.029,40.000,6.175,0.586,1.046,7.807,4.000,0.075,0.000,0.589,0.664,0.266,0.562,0.000,5.492,0.000,0.000,0.000,2.315,0.358,-592.456
113,114.000,0.093,0.460,0.031,0.400,0.093,0.341,0.031,0.400,0.078,0.286,0.026,78.200,2.029,40.000,6.113,0.581,1.037,7.731,4.000,0.074,0.000,0.584,0.658,0.263,0.557,0.000,5.478,0.000,0.000,0.000,2.253,0.342,-592.114
114,115.000,0.092,0.456,0.031,0.396,0.092,0.338,0.031,0.396,0.077,0.284,0.026,78.200,2.029,40.000,6.053,0.575,1.027,7.656,4.000,0.074,0.000,0.579,0.652,0.261,0.551,0.000,5.464,0.000,0.000,0.000,2.192,0.327,-591.786
115,116.000,0.091,0.452,0.030,0.393,0.091,0.335,0.030,0.393,0.077,0.281,0.025,78.200,2.029,40.000,5.995,0.570,1.018,7.582,4.000,0.073,0.000,0.574,0.647,0.259,0.546,0.000,5.451,0.000,0.000,0.000,2.131,0.313,-591.473
116,117.000,0.090,0.448,0.030,0.389,0.090,0.331,0.030,0.389,0.076,0.278,0.025,78.200,2.029,40.000,5.937,0.565,1.008,7.510,4.000,0.072,0.000,0.569,0.641,0.256,0.541,0.000,5.438,0.000,0.000,0.000,2.072,0.300,-591.173
117,118.000,0.090,0.444,0.030,0.386,0.090,0.329,0.030,0.386,0.075,0.276,0.025,78.200,2.029,40.000,5.880,0.560,0.999,7.439,4.000,0.072,0.000,0.564,0.635,0.254,0.536,0.000,5.425,0.000,0.000,0.000,2.015,0.286,-590.887
118,119.000,0.089,0.440,0.029,0.383,0.089,0.326,0.029,0.383,0.074,0.273,0.025,78.200,2.029,40.000,5.824,0.555,0.990,7.370,4.000,0.071,0.000,0.559,0.630,0.252,0.531,0.000,5.412,0.000,0.000,0.000,1.958,0.274,-590.613
119,120.000,0.088,0.436,0.029,0.380,0.088,0.323,0.029,0.380,0.074,0.271,0.025,78.200,2.029,40.000,5.770,0.550,0.982,7.301,4.000,0.070,0.000,0.554,0.624,0.249,0.526,0.000,5.400,0.000,0.000,0.000,1.902,0.262,-590.351
120,121.000,0.087,0.432,0.029,0.376,0.087,0.320,0.029,0.376,0.073,0.269,0.024,78.200,2.029,40.000,5.716,0.545,0.973,7.234,4.000,0.070,0.000,0.550,0.619,0.247,0.521,0.000,5.387,0.000,0.000,0.000,1.847,0.250,-590.101
121,122.000,0.086,0.429,0.029,0.373,0.086,0.317,0.029,0.373,0.072,0.266,0.024,78.200,2.029,40.000,5.663,0.540,0.965,7.168,4.000,0.069,0.000,0.545,0.614,0.245,0.516,0.000,5.375,0.000,0.000,0.000,1.793,0.239,-589.863
122,123.000,0.085,0.425,0.028,0.370,0.085,0.314,0.028,0.370,0.072,0.264,0.024,78.200,2.029,40.000,5.611,0.536,0.956,7.103,4.000,0.068,0.000,0.540,0.609,0.243,0.511,0.000,5.363,0.000,0.000,0.000,1.740,0.228,-589.635
123,124.000,0.085,0.421,0.028,0.367,0.085,0.312,0.028,0.367,0.071,0.262,0.024,78.200,2.029,40.000,5.560,0.531,0.948,7.040,4.000,0.068,0.000,0.536,0.604,0.241,0.507,0.000,5.351,0.000,0.000,0.000,1.688,0.217,-589.417
124,125.000,0.084,0.418,0.028,0.364,0.084,0.309,0.028,0.364,0.070,0.260,0.024,78.200,2.029,40.000,5.510,0.527,0.940,6.977,4.000,0.067,0.000,0.532,0.599,0.239,0.502,0.000,5.340,0.000,0.000,0.000,1.637,0.207,-589.210
125,126.000,0.083,0.414,0.028,0.361,0.083,0.306,0.028,0.361,0.070,0.257,0.023,78.200,2.029,40.000,5.461,0.522,0.932,6.915,4.000,0.067,0.000,0.527,0.594,0.237,0.498,0.000,5.329,0.000,0.000,0.000,1.587,0.198,-589.012
126,127.000,0.082,0.411,0.028,0.358,0.082,0.304,0.028,0.358,0.069,0.255,0.023,78.200,2.029,40.000,5.412,0.518,0.925,6.855,4.000,0.066,0.000,0.523,0.589,0.235,0.494,0.000,5.318,0.000,0.000,0.000,1.537,0.188,-588.824
127,128.000,0.082,0.407,0.027,0.356,0.082,0.301,0.027,0.356,0.069,0.253,0.023,78.200,2.029,40.000,5.365,0.514,0.917,6.795,4.000,0.065,0.000,0.519,0.584,0.233,0.489,0.000,5.307,0.000,0.000,0.000,1.489,0.179,-588.645
128,129.000,0.081,0.404,0.027,0.353,0.081,0.299,0.027,0.353,0.068,0.251,0.023,78.200,2.029,40.000,5.318,0.509,0.909,6.737,4.000,0.065,0.000,0.515,0.580,0.231,0.485,0.000,5.296,0.000,0.000,0.000,1.441,0.171,-588.474
129,130.000,0.080,0.401,0.027,0.350,0.080,0.296,0.027,0.350,0.067,0.249,0.023,78.200,2.029,40.000,5.272,0.505,0.902,6.679,4.000,0.064,0.000,0.511,0.575,0.229,0.481,0.000,5.285,0.000,0.000,0.000,1.394,0.163,-588.311
130,131.000,0.080,0.397,0.027,0.347,0.080,0.294,0.027,0.347,0.067,0.247,0.022,78.200,2.029,40.000,5.226,0.501,0.895,6.622,4.000,0.064,0.000,0.507,0.571,0.227,0.477,0.000,5.275,0.000,0.000,0.000,1.347,0.155,-588.157
131,132.000,0.079,0.394,0.026,0.345,0.079,0.292,0.026,0.345,0.066,0.245,0.022,78.200,2.029,40.000,5.182,0.497,0.887,6.566,4.000,0.063,0.000,0.503,0.566,0.225,0.473,0.000,5.264,0.000,0.000,0.000,1.302,0.147,-588.010
132,133.000,0.078,0.391,0.026,0.342,0.078,0.289,0.026,0.342,0.066,0.243,0.022,78.200,2.029,40.000,5.138,0.493,0.880,6.512,4.000,0.063,0.000,0.499,0.562,0.224,0.469,0.000,5.254,0.000,0.000,0.000,1.257,0.140,-587.870
133,134.000,0.078,0.388,0.026,0.339,0.078,0.287,0.026,0.339,0.065,0.241,0.022,78.200,2.029,40.000,5.095,0.489,0.873,6.458,4.000,0.062,0.000,0.496,0.558,0.222,0.465,0.000,5.244,0.000,0.000,0.000,1.213,0.132,-587.738
134,135.000,0.077,0.385,0.026,0.337,0.077,0.285,0.026,0.337,0.065,0.239,0.022,78.200,2.029,40.000,5.052,0.486,0.867,6.404,4.000,0.062,0.000,0.492,0.553,0.220,0.461,0.000,5.235,0.000,0.000,0.000,1.170,0.126,-587.612
135,136.000,0.076,0.382,0.026,0.334,0.076,0.283,0.026,0.334,0.064,0.237,0.021,78.200,2.029,40.000,5.010,0.482,0.860,6.352,4.000,0.061,0.000,0.488,0.549,0.218,0.457,0.000,5.225,0.000,0.000,0.000,1.127,0.119,-587.493
136,137.000,0.076,0.379,0.025,0.332,0.076,0.280,0.025,0.332,0.064,0.236,0.021,78.200,2.029,40.000,4.969,0.478,0.853,6.300,4.000,0.061,0.000,0.485,0.545,0.217,0.454,0.000,5.215,0.000,0.000,0.000,1.085,0.113,-587.381
137,138.000,0.075,0.376,0.025,0.329,0.075,0.278,0.025,0.329,0.063,0.234,0.021,78.200,2.029,40.000,4.929,0.474,0.847,6.250,4.000,0.060,0.000,0.481,0.541,0.215,0.450,0.000,5.206,0.000,0.000,0.000,1.044,0.107,-587.274
138,139.000,0.074,0.373,0.025,0.327,0.074,0.276,0.025,0.327,0.063,0.232,0.021,78.200,2.029,40.000,4.889,0.471,0.840,6.200,4.000,0.060,0.000,0.478,0.537,0.213,0.446,0.000,5.197,0.000,0.000,0.000,1.003,0.101,-587.173
139,140.000,0.074,0.370,0.025,0.325,0.074,0.274,0.025,0.325,0.062,0.230,0.021,78.200,2.029,40.000,4.850,0.467,0.834,6.151,4.000,0.059,0.000,0.474,0.533,0.212,0.443,0.000,5.188,0.000,0.000,0.000,0.963,0.095,-587.078
140,141.000,0.073,0.368,0.025,0.322,0.073,0.272,0.025,0.322,0.062,0.229,0.021,78.200,2.029,40.000,4.811,0.464,0.828,6.102,4.000,0.059,0.000,0.471,0.529,0.210,0.439,0.000,5.179,0.000,0.000,0.000,0.923,0.090,-586.988
141,142.000,0.073,0.365,0.024,0.320,0.073,0.270,0.024,0.320,0.061,0.227,0.021,78.200,2.029,40.000,4.773,0.460,0.821,6.054,4.000,0.058,0.000,0.467,0.525,0.209,0.436,0.000,5.170,0.000,0.000,0.000,0.884,0.085,-586.904
142,143.000,0.072,0.362,0.024,0.318,0.072,0.268,0.024,0.318,0.061,0.225,0.020,78.200,2.029,40.000,4.735,0.457,0.815,6.007,4.000,0.058,0.000,0.464,0.522,0.207,0.433,0.000,5.161,0.000,0.000,0.000,0.846,0.080,-586.824
143,144.000,0.072,0.360,0.024,0.316,0.072,0.266,0.024,0.316,0.060,0.223,0.020,78.200,2.029,40.000,4.698,0.453,0.809,5.961,4.000,0.057,0.000,0.461,0.518,0.206,0.429,0.000,5.153,0.000,0.000,0.000,0.808,0.075,-586.749
144,145.000,0.071,0.357,0.024,0.313,0.071,0.264,0.024,0.313,0.060,0.222,0.020,78.200,2.029,40.000,4.662,0.450,0.803,5.915,4.000,0.057,0.000,0.458,0.514,0.204,0.426,0.000,5.144,0.000,0.000,0.000,0.771,0.070,-586.679
145,146.000,0.070,0.354,0.024,0.311,0.070,0.262,0.024,0.311,0.059,0.220,0.020,78.200,2.029,40.000,4.626,0.447,0.798,5.870,4.000,0.056,0.000,0.454,0.511,0.203,0.423,0.000,5.136,0.000,0.000,0.000,0.734,0.066,-586.613
146,147.000,0.070,0.352,0.024,0.309,0.070,0.260,0.024,0.309,0.059,0.219,0.020,78.200,2.029,40.000,4.590,0.444,0.792,5.826,4.000,0.056,0.000,0.451,0.507,0.201,0.419,0.000,5.128,0.000,0.000,0.000,0.698,0.061,-586.552
147,148.000,0.069,0.349,0.023,0.307,0.069,0.258,0.023,0.307,0.058,0.217,0.020,78.200,2.029,40.000,4.556,0.440,0.786,5.782,4.000,0.055,0.000,0.448,0.504,0.200,0.416,0.000,5.120,0.000,0.000,0.000,0.663,0.057,-586.494
148,149.000,0.069,0.347,0.023,0.305,0.069,0.257,0.023,0.305,0.058,0.216,0.020,78.200,2.029,40.000,4.521,0.437,0.781,5.739,4.000,0.055,0.000,0.445,0.500,0.198,0.413,0.000,5.112,0.000,0.000,0.000,0.627,0.053,-586.441
149,150.000,0.068,0.344,0.023,0.303,0.068,0.255,0.023,0.303,0.057,0.214,0.019,78.200,2.029,40.000,4.487,0.434,0.775,5.697,4.000,0.055,0.000,0.442,0.497,0.197,0.410,0.000,5.104,0.000,0.000,0.000,0.593,0.050,-586.391
150,151.000,0.068,0.342,0.023,0.301,0.068,0.253,0.023,0.301,0.057,0.213,0.019,78.200,2.029,40.000,4.454,0.431,0.770,5.655,4.000,0.054,0.000,0.439,0.493,0.196,0.407,0.000,5.096,0.000,0.000,0.000,0.559,0.046,-586.345
151,152.000,0.067,0.340,0.023,0.299,0.067,0.251,0.023,0.299,0.057,0.211,0.019,78.200,2.029,40.000,4.421,0.428,0.764,5.613,4.000,0.054,0.000,0.436,0.490,0.194,0.404,0.000,5.088,0.000,0.000,0.000,0.525,0.043,-586.303
152,153.000,0.067,0.337,0.023,0.297,0.067,0.250,0.023,0.297,0.056,0.210,0.019,78.200,2.029,40.000,4.388,0.425,0.759,5.573,4.000,0.053,0.000,0.433,0.487,0.193,0.401,0.000,5.081,0.000,0.000,0.000,0.492,0.039,-586.263
153,154.000,0.066,0.335,0.022,0.295,0.066,0.248,0.022,0.295,0.056,0.208,0.019,78.200,2.029,40.000,4.356,0.422,0.754,5.533,4.000,0.053,0.000,0.431,0.484,0.191,0.398,0.000,5.073,0.000,0.000,0.000,0.459,0.036,-586.227
154,155.000,0.066,0.333,0.022,0.293,0.066,0.246,0.022,0.293,0.055,0.207,0.019,78.200,2.029,40.000,4.325,0.419,0.749,5.493,4.000,0.053,0.000,0.428,0.480,0.190,0.395,0.000,5.066,0.000,0.000,0.000,0.427,0.033,-586.194
155,156.000,0.065,0.330,0.022,0.291,0.065,0.244,0.022,0.291,0.055,0.205,0.019,78.200,2.029,40.000,4.294,0.417,0.744,5.454,4.000,0.052,0.000,0.425,0.477,0.189,0.393,0.000,5.059,0.000,0.000,0.000,0.395,0.030,-586.165
156,157.000,0.065,0.328,0.022,0.289,0.065,0.243,0.022,0.289,0.055,0.204,0.018,78.200,2.029,40.000,4.263,0.414,0.739,5.415,4.000,0.052,0.000,0.422,0.474,0.188,0.390,0.000,5.052,0.000,0.000,0.000,0.364,0.027,-586.137
157,158.000,0.064,0.326,0.022,0.287,0.064,0.241,0.022,0.287,0.054,0.203,0.018,78.200,2.029,40.000,4.233,0.411,0.734,5.377,4.000,0.052,0.000,0.419,0.471,0.186,0.387,0.000,5.045,0.000,0.000,0.000,0.333,0.024,-586.113
158,159.000,0.064,0.324,0.022,0.286,0.064,0.240,0.022,0.286,0.054,0.201,0.018,78.200,2.029,40.000,4.203,0.408,0.729,5.340,4.000,0.051,0.000,0.417,0.468,0.185,0.384,0.000,5.038,0.000,0.000,0.000,0.302,0.022,-586.091
159,160.000,0.064,0.322,0.022,0.284,0.064,0.238,0.022,0.284,0.053,0.200,0.018,78.200,2.029,40.000,4.173,0.406,0.724,5.303,4.000,0.051,0.000,0.414,0.465,0.184,0.382,0.000,5.031,0.000,0.000,0.000,0.272,0.019,-586.072
160,161.000,0.063,0.319,0.021,0.282,0.063,0.236,0.021,0.282,0.053,0.199,0.018,78.200,2.029,40.000,4.144,0.403,0.719,5.266,4.000,0.050,0.000,0.412,0.462,0.183,0.379,0.000,5.024,0.000,0.000,0.000,0.242,0.017,-586.055
161,162.000,0.063,0.317,0.021,0.280,0.063,0.235,0.021,0.280,0.053,0.197,0.018,78.200,2.029,40.000,4.115,0.400,0.714,5.230,4.000,0.050,0.000,0.409,0.459,0.182,0.377,0.000,5.017,0.000,0.000,0.000,0.213,0.015,-586.040
162,163.000,0.062,0.315,0.021,0.278,0.062,0.233,0.021,0.278,0.052,0.196,0.018,78.200,2.029,40.000,4.087,0.398,0.710,5.195,4.000,0.050,0.000,0.407,0.456,0.180,0.374,0.000,5.011,0.000,0.000,0.000,0.184,0.012,-586.028
163,164.000,0.062,0.313,0.021,0.277,0.062,0.232,0.021,0.277,0.052,0.195,0.018,78.200,2.029,40.000,4.059,0.395,0.705,5.159,4.000,0.049,0.000,0.404,0.453,0.179,0.371,0.000,5.004,0.000,0.000,0.000,0.155,0.010,-586.017
164,165.000,0.061,0.311,0.021,0.275,0.061,0.230,0.021,0.275,0.052,0.193,0.018,78.200,2.029,40.000,4.031,0.393,0.701,5.125,4.000,0.049,0.000,0.402,0.451,0.178,0.369,0.000,4.998,0.000,0.000,0.000,0.127,0.008,-586.009
165,166.000,0.061,0.309,0.021,0.273,0.061,0.229,0.021,0.273,0.051,0.192,0.017,78.200,2.029,40.000,4.004,0.390,0.696,5.091,4.000,0.049,0.000,0.399,0.448,0.177,0.367,0.000,4.991,0.000,0.000,0.000,0.099,0.006,-586.003
166,167.000,0.061,0.307,0.021,0.272,0.061,0.227,0.021,0.272,0.051,0.191,0.017,78.200,2.029,40.000,3.977,0.388,0.692,5.057,4.000,0.048,0.000,0.397,0.445,0.176,0.364,0.000,4.985,0.000,0.000,0.000,0.072,0.005,-585.998
167,168.000,0.060,0.305,0.020,0.270,0.060,0.226,0.020,0.270,0.051,0.190,0.017,78.200,2.029,40.000,3.951,0.385,0.688,5.023,4.000,0.048,0.000,0.394,0.442,0.175,0.362,0.000,4.979,0.000,0.000,0.000,0.045,0.003,-585.995
168,169.000,0.060,0.303,0.020,0.268,0.060,0.225,0.020,0.268,0.050,0.189,0.017,78.200,2.029,40.000,3.924,0.383,0.683,4.990,4.000,0.048,0.000,0.392,0.440,0.174,0.359,0.000,4.973,0.000,0.000,0.000,0.018,0.001,-585.994
total,,74.462,264.798,17.741,240.030,74.462,195.950,17.741,240.030,62.548,164.598,14.903,13215.800,342.918,6760.000,4891.240,333.986,596.112,5821.339,926.000,59.569,0.000,350.444,410.013,151.430,419.136,0.000,1906.580,1600.000,2200.000,3800.000,114.759,,
