,period,gross_oil_prod,gross_gas_prod,gross_ngl_prod,gross_water_prod,net_oil_prod,net_gas_prod,net_ngl_prod,realized_oil_price,realized_gas_price,realized_ngl_price,oil_revenue,gas_revenue,ngl_revenue,total_revenue,fixed_loe,variable_loe_oil,variable_loe_gas,variable_loe_water,total_variable_loe,gcp,prod_tax,ad_val_tax,total_expenses,d_and_c,undisc_cf,Cum PV-20.0%
0,1.0,0.0,0.0,0.0,0.0,0.0,0.0,0.0,78.2,2.0291,40.0,0.0,0.0,0.0,0.0,0.0,0.0,0.0,0.0,0.0,0.0,0.0,0.0,0.0,1600.0,-1600.0,-1573.7704918032787
1,2.0,0.0,0.0,0.0,0.0,0.0,0.0,0.0,78.2,2.0291,40.0,0.0,0.0,0.0,0.0,0.0,0.0,0.0,0.0,0.0,0.0,0.0,0.0,0.0,2200.0,-2200.0,-3702.2305831765657
2,3.0,14.7,29.25,1.95975,36.0,12.347999999999999,18.1818,1.64619,78.2,2.0291,40.0,965.6135999999999,36.89269038,65.8476,1068.35389038,9.5,11.76,0.0,52.56,64.32000000000001,16.727256,76.92148010735998,0.0,167.46873610735997,0.0,900.88515427264,-2844.928900115471
3,4.0,7.426754477436038,19.695955512995358,1.3196290193706888,19.947481180982386,6.238473761046272,12.243005946877915,1.1084883762713784,78.2,2.0291,40.0,487.8486481138185,24.84228336680998,44.33953505085513,557.0304665314836,9.5,5.941403581948831,0.0,29.123322524234283,35.064726106183116,11.263565471127682,40.10619359026682,0.0,95.93448516757762,0.0,461.095981363906,-2413.3333098962694
4,5.0,4.880779237856585,14.785051120790664,0.9905984250929745,13.797826185210567,4.099854559799531,9.190387776683476,0.8321026770780985,78.2,2.0291,40.0,320.60862657632333,18.64821583766844,33.28410708312394,372.5409494971157,9.5,3.904623390285268,0.0,20.14482623040743,24.049449620692698,8.4551567545488,26.822948363792328,0.0,68.82755473903381,0.0,303.7133947580819,-2133.7115124952356
5,6.0,3.6014958124570127,11.804290055745271,0.7908874337349332,10.547218521316667,3.0252564824638903,7.33754669865126,0.6643454443373439,78.2,2.0291,40.0,236.57505692867625,14.888616006233272,26.573817773493754,278.03749070840325,9.5,2.8811966499656103,0.0,15.398939041122334,18.280135691087946,6.75054296275916,20.01869933100503,0.0,54.549377984852136,0.0,223.48811272355113,-1931.324369223173
6,7.0,2.837530506551685,9.80689346324897,0.657061862037681,8.536578016941363,2.3835256255034154,6.0959649767555595,0.551931964111652,78.2,2.0291,40.0,186.3917039143671,12.369322534334707,22.07727856446608,220.83830501316788,9.5,2.2700244052413483,0.0,12.463403904734388,14.733428309975736,5.608287778615115,15.900357960948087,0.0,45.742074049538935,0.0,175.09623096362895,-1775.3595287365972
7,8.0,2.332051533816604,8.377236412723631,0.5612748396524833,7.170005506674742,1.9589232884059473,5.2072901541490095,0.4714708653080859,78.2,2.0291,40.0,153.18780115334508,10.566112451783756,18.858834612323434,182.6127482174523,9.5,1.8656412270532834,0.0,10.468208039745123,12.333849266798406,4.790706941817089,13.148117871656565,0.0,39.77267408027206,0.0,142.84007413718024,-1650.2122559429938
8,9.0,1.9739950278536735,7.304530816339321,0.48940356469473456,6.180726929733995,1.6581558233970857,4.540496355436522,0.411098994343577,78.2,2.0291,40.0,129.6677853896521,9.213121154816248,16.44395977374308,155.3248663182114,9.5,1.5791960222829389,0.0,9.023861317411631,10.60305733969457,4.177256647001601,11.18339037491122,0.0,35.46370436160739,0.0,119.86116195660401,-1546.9191772678776
9,10.0,1.707697349231473,6.470615325495873,0.4335312268082235,5.431431152880439,1.4344657733544373,4.022134486328235,0.36416623051890773,78.2,2.0291,40.0,112.175223476317,8.161313086208622,14.56664922075631,134.90318578328194,9.5,1.3661578793851785,0.0,7.92988948320544,9.296047362590619,3.7003637274219763,9.7130293763963,0.0,32.20944046640889,0.0,102.69374531687305,-1459.8713076261342
10,11.0,1.5022594273412047,5.804174777405294,0.3888797100861547,4.844231438605727,1.261897918966612,3.6078750416351304,0.3266589564723699,78.2,2.0291,40.0,98.68041726318906,7.3207392469818435,13.066358258894796,119.0675147690657,9.5,1.201807541872964,0.0,7.072577900364361,8.274385442237325,3.31924503830432,8.572861063372729,0.0,29.666491543914375,0.0,89.40102322515132,-1385.3332521949944
11,12.0,1.3391877412148194,5.259648829425093,0.35239647157148124,4.371656638829235,1.1249177026204482,3.269397712370638,0.2960130361200442,78.2,2.0291,40.0,87.96856434491906,6.633934898171263,11.840521444801768,106.44302068789209,9.5,1.0713501929718556,0.0,6.3826186926906825,7.453968885662539,3.0078458953809872,7.66389748952823,0.0,27.62571227057176,0.0,78.81730841732033,-1320.6966402064413
12,13.0,1.2067534700720863,4.806584881687387,0.3220411870730549,3.9831243574473203,1.0136729148605526,2.9877731624568797,0.2705145971413661,78.2,2.0291,40.0,79.26922194209521,6.062490523941255,10.820583885654644,96.1522963516911,9.5,0.9654027760576691,0.0,5.815361561873088,6.780764337930757,2.7487513094603293,6.9229653373217594,0.0,25.952480984712842,0.0,70.19981536697827,-1264.070837724882
13,14.0,1.0971676824278012,4.423864754973277,0.29639893858320954,3.6580435784806826,0.9216208532393529,2.7498743316913887,0.248975108409896,78.2,2.0291,40.0,72.0707507233174,5.579770006434997,9.95900433639584,87.60952506614824,9.5,0.877734145942241,0.0,5.340743624581797,6.2184777705240375,2.5298843851560777,6.307885804762672,0.0,24.55624796044279,0.0,63.05327710570545,-1214.043490017889
14,15.0,1.0050603094198942,4.096388370464515,0.27445802082112253,3.3820423678528297,0.8442506599127111,2.5463150110807424,0.2305447374897429,78.2,2.0291,40.0,66.02040160517402,5.166727788983935,9.221789499589716,80.40891889374767,9.5,0.8040482475359154,0.0,4.937781857065131,5.741830104601046,2.342609810194283,5.789442160349831,0.0,23.37388207514516,0.0,57.03503681860251,-1169.5329404171341
15,16.0,0.9266118748718992,3.8130760877781222,0.2554760978811342,3.144784712641367,0.7783539748923953,2.3702080961628806,0.2145999222201527,78.2,2.0291,40.0,60.867280836585316,4.809389247924101,8.583996888806109,74.26066697331552,9.5,0.7412894998975195,0.0,4.591385680456395,5.332675180353915,2.1805914484698503,5.3467680220787175,0.0,22.36003465090248,0.0,51.900632322413045,-1129.693310543436
16,17.0,0.8590334092973034,3.56561641033915,0.23889629949272304,2.9386467041206163,0.7215880638097348,2.2163871606668155,0.20067289157388735,78.2,2.0291,40.0,56.42818658992127,4.4972711877090354,8.026915662955494,68.95237344058579,9.5,0.6872267274378427,0.0,4.290424188016099,4.977650915453943,2.03907618781347,4.964570887722176,0.0,21.48129799098959,0.0,47.4710754495962,-1093.851236552296
17,18.0,0.800242085390927,3.3476538193182446,0.22429280589432238,2.757881720730885,0.6722033517283786,2.080901614088221,0.1884059569512308,78.2,2.0291,40.0,52.56630210515921,4.22235746514641,7.5362382780492325,64.32489784835485,9.5,0.6401936683127416,0.0,4.026507312267092,4.666700980579833,1.9144294849611634,4.631392645081549,0.0,20.71252311062255,0.0,43.6123747377323,-1061.462410149018
18,19.0,0.7486518416597815,3.1542463866669803,0.2113345079066877,2.5980760945925017,0.6288675469942164,1.9606795539521948,0.17752098664161767,78.2,2.0291,40.0,49.17744217494773,3.978414882924399,7.1008394656647065,60.25669652353683,9.5,0.5989214733278252,0.0,3.7931910981050523,4.392112571432877,1.8038251896360193,4.338482149694651,0.0,20.034419910763546,0.0,40.222276612773285,-1032.0809387934723
19,20.0,0.7030341621441945,2.981494182039566,0.19976011019665094,2.455783800790889,0.5905486962011233,1.8532967835557943,0.16779849256518678,78.2,2.0291,40.0,46.18090804292784,3.7605245035130626,6.711939702607471,56.653372249048374,9.5,0.5624273297153556,0.0,3.585444349154698,4.147871678870054,1.7050330408713308,4.079042801931482,0.0,19.431947521672868,0.0,37.221424727375506,-1005.3372506030896
20,21.0,0.6624230807525853,2.8262789058274986,0.1893606866904424,2.3282750472350866,0.5564353878321716,1.756814967862373,0.1590629768199716,78.2,2.0291,40.0,43.51324732847582,3.5647532512895412,6.3625190727988645,53.44051965256422,8.0,0.5299384646020683,0.0,3.3992815689632265,3.929220033565295,1.6162697704333833,3.8477174149846234,0.0,17.393207218983303,0.0,36.04731243358091,-979.8617566434491
21,22.0,0.6260488711241174,2.686077783743537,0.17996721151081696,2.213359379106605,0.5258810517442586,1.6696659503749822,0.15117245766908624,78.2,2.0291,40.0,41.123898246401026,3.3879191799058765,6.04689830676345,50.55871573307036,8.0,0.500839096899294,0.0,3.231504693495643,3.732343790394937,1.5360926743449836,3.6402275327810654,0.0,16.908663997520986,0.0,33.65005173554937,-956.4703211544597
22,23.0,0.5932908173137059,2.5588281536091073,0.1714414862918102,2.1092587443930335,0.49836428654351295,1.590567580283421,0.14401084848512055,78.2,2.0291,40.0,38.972087207702714,3.2274206771530896,5.760433939404822,47.959941824260625,8.0,0.47463265385096476,0.0,3.079517766813829,3.5541504206647936,1.4633221738607474,3.453115811346765,0.0,16.470588405872306,0.0,31.48935341838832,-934.9397130153202
23,24.0,0.563642963739111,2.442827348291999,0.16366943233556394,2.014514797913986,0.4734600895408533,1.5184614796983067,0.1374823231618737,78.2,2.0291,40.0,37.024579002094725,3.0811101884558343,5.499292926474948,45.60498211702551,8.0,0.45091437099128884,0.0,2.94119160495442,3.3921059759457086,1.3969845613224423,3.2835587124258363,0.0,16.07264924969399,0.0,29.53233286733152,-915.0782276879919
24,25.0,0.5366888725235622,2.336657597327057,0.15655605902091282,1.92792013271699,0.4508186529197923,1.4524663624984984,0.13150708957756677,78.2,2.0291,40.0,35.25401865832776,2.947199496145703,5.26028358310267,43.46150173757613,8.0,0.4293510980188498,0.0,2.814763393766805,3.244114491785655,1.3362690534986186,3.129228125105481,0.0,15.709611670389755,0.0,27.751890067186373,-896.7201184057034
25,26.0,0.5120827455269715,2.239128951146093,0.15002163972678823,1.8484665302424148,0.4301495062426561,1.3918425560324112,0.1260181773705021,78.2,2.0291,40.0,33.6376913881757,2.8241877304453658,5.040727094820085,41.502606213441155,8.0,0.40966619642157726,0.0,2.6987611341539255,3.108427330575503,1.2804951515498184,2.988187647367763,0.0,15.377110129493083,0.0,26.12549608394807,-879.7211978004382
26,27.0,0.4895351176896592,2.149235380372252,0.14399877048494086,1.7753055100740351,0.4112094988593137,1.3359647124393916,0.12095896720735032,78.2,2.0291,40.0,32.156582810798334,2.7108059980107697,4.838358688294012,39.70574749710312,8.0,0.3916280941517274,0.0,2.591946044708091,2.9835741388598187,1.2290875354442403,2.858813819791424,0.0,15.071475494095482,0.0,24.634272003007638,-863.9553275712725
27,28.0,0.46880188271662815,2.0661206366538933,0.13843008265581086,1.7077178986623016,0.39379358148196764,1.28430058774406,0.11628126943088112,78.2,2.0291,40.0,30.79465807188987,2.6059743225914724,4.651250777235244,38.05188317171658,8.0,0.37504150617330256,0.0,2.4932681320469605,2.8683096382202633,1.1815565407245354,2.739735588363594,0.0,14.789601767308394,0.0,23.26228140440819,-849.3115900608115
28,29.0,0.44967578108641626,1.989051435536155,0.1332664461809224,1.64509009974,0.3777276561125896,1.236394372329274,0.11194381479197481,78.2,2.0291,40.0,29.538302708004508,2.5087678208933304,4.477752591678993,36.52482312057683,8.0,0.35974062486913305,0.0,2.4018315456204,2.761572170489533,1.137482822542932,2.6297872646815317,0.0,14.528842257713997,0.0,21.995980862862837,-835.6919892393105
29,30.0,0.4319797302785838,1.9173961941411746,0.12846554500745871,1.5868954055105375,0.36286297343401036,1.1918534742781541,0.10791105780626532,78.2,2.0291,40.0,28.37588452253961,2.418389884657803,4.316442312250613,35.11071671944803,8.0,0.34558378422286706,0.0,2.3168672920453846,2.6624510762682516,1.0965051963359018,2.5279716038002578,0.0,14.286927876404409,0.0,20.82378884304362,-823.0095668741194
30,31.0,0.4155615491463494,1.8506080273233059,0.12399073783066149,1.5326791420491523,0.34907170128293347,1.1503379497841668,0.10415221977775564,78.2,2.0291,40.0,27.2974070403254,2.334150733907053,4.166088791110226,33.797646565342674,8.0,0.33244923931707954,0.0,2.237711547391762,2.5701607867088416,1.0583109138014335,2.4334305527046722,0.0,14.061902253214948,0.0,19.73574431212773,-811.1868473552737
31,32.0,0.40028974855684085,1.7882110403230889,0.11981013970164696,1.4820467615082165,0.3362433887877463,1.1115519826648321,0.10064051734938344,78.2,2.0291,40.0,26.29423300320176,2.255450128025211,4.025620693975338,32.57530382520231,8.0,0.3202317988454727,0.0,2.163788271801996,2.4840200706474684,1.0226278240516455,2.345421875414566,0.0,13.85206977011368,0.0,18.723234055088632,-800.1545449358599
32,33.0,0.3860501455594038,1.7297891963617953,0.1158958761562403,1.4346542209354323,0.32428212226989916,1.0752369644584918,0.09735253597124184,78.2,2.0291,40.0,25.358861961506115,2.1817633245827257,3.8941014388496735,31.434726724938514,7.7,0.30884011644752307,0.0,2.094595162565731,2.4034352790132543,0.9892180073018125,2.2633003241955727,0.0,13.355953610510639,0.0,18.078773114427875,-789.6766108572532
33,34.0,0.37274311941811233,1.6749772125227758,0.11222347323902598,1.3902001513100097,0.3131042203112144,1.0411658353041573,0.09426771752078182,78.2,2.0291,40.0,24.484750028336965,2.112629596415666,3.770708700831273,30.368088325583905,7.7,0.2981944955344899,0.0,2.0296922209126143,2.327886716447104,0.9578725684798247,2.186502359442041,0.0,13.172261644368971,0.0,17.195826681214932,-779.873787388627
34,35.0,0.36028137217797007,1.6234530659017905,0.10877135541541996,1.3484194398546256,0.30263635262949484,1.009138425764553,0.09136793854895277,78.2,2.0291,40.0,23.666162775626496,2.0476427797188546,3.6547175419581106,29.368523097303463,7.7,0.2882250977423761,0.0,1.9686923821877533,2.2569174799301295,0.9284073517033888,2.114533663005849,0.0,12.999858494639367,0.0,16.368664602664097,-770.6954759930826
35,36.0,0.34858808896969784,1.5749317875817066,0.10552042976797435,1.309077936739341,0.29281399473454617,0.9789775991607887,0.08863716100509846,78.2,2.0291,40.0,22.898054388241512,1.9864434464571565,3.545486440203938,28.429984274902605,7.7,0.2788704711757583,0.0,1.9112537876394378,2.190124258815196,0.9006593912279257,2.0469588677929873,0.0,12.837742517836109,0.0,15.592241757066496,-762.0958509983875
36,37.0,0.3375954173808205,1.5291602936735536,0.1024537396761281,1.2719680628654992,0.2835801505998892,0.9505260385474809,0.08606114132794761,78.2,2.0291,40.0,22.17596777691134,1.9287123848166936,3.4424456531179044,27.547125814845938,7.7,0.2700763339046564,0.0,1.8570733717836287,2.1271497056882853,0.8744839554636824,1.9833930586689075,0.0,12.685026719820875,0.0,14.862099095025062,-754.0332991315615
37,38.0,0.32724320327832157,1.485913056917272,0.09955617481345723,1.2369051447070474,0.2748842907537901,0.9236435561797762,0.08362718684330407,78.2,2.0291,40.0,21.49595153694639,1.8741651398443842,3.3450874737321628,26.715204150522936,7.7,0.26179456262265727,0.0,1.805881511272289,2.0676760738949462,0.8497520716853941,1.9234946988376513,0.0,12.540922844417992,0.0,14.174281306104945,-746.4699380970951
38,39.0,0.3174779341073446,1.4449884637372827,0.09681422707039795,1.2037243395656134,0.26668146465016945,0.8982048290590949,0.08132395073913427,78.2,2.0291,40.0,20.85449053564325,1.8225474186438095,3.252958029565371,25.92999598385243,7.7,0.2539823472858757,0.0,1.7574375357657956,2.0114198830516714,0.8263484427343674,1.8669597108373748,0.0,12.404728036623414,0.0,13.525267947229015,-739.371201247624
39,40.0,0.30825185107965974,1.4062057334937037,0.09421578414407815,1.1722780431782744,0.25893155490691416,0.8740974839396861,0.07914125868102564,78.2,2.0291,40.0,20.248447593720687,1.7736312046620173,3.1656503472410256,25.18772914562373,7.7,0.2466014808637278,0.0,1.7115259430402807,1.9581274239040085,0.8041696852245113,1.8135164984849086,0.0,12.27581360761343,0.0,12.911915538010302,-732.7054777994543
40,41.0,0.29952219964235743,1.369402301348104,0.09174995419032296,1.1424336936447241,0.25159864769958024,0.8512204705179813,0.07706996151987128,78.2,2.0291,40.0,19.675014250107175,1.727211456728036,3.082798460794851,24.485024167630062,7.7,0.23961775971388596,0.0,1.6679531927212972,1.9075709524351832,0.7831228328765428,1.7629217400693644,0.0,12.153615525381092,0.0,12.33140864224897,-726.4437999531556
41,42.0,0.2912505937877373,1.3344315854210296,0.08940691622320898,1.1140719027422752,0.24465049878169934,0.829482673497712,0.07510180962749555,78.2,2.0291,40.0,19.131669004728888,1.6831032927942076,3.004072385099822,23.818844682622917,7.7,0.23300047503018986,0.0,1.6265449780037218,1.8595454530339117,0.7631240596178951,1.7149568171488498,0.0,12.03762632980066,0.0,11.781218352822258,-720.559569803514
42,43.0,0.28340247457249734,1.3011610740476987,0.08717779196119581,1.087084859067057,0.23805807864089776,0.8088017236280495,0.07322934524740447,78.2,2.0291,40.0,18.616141749718206,1.6411395774136752,2.929173809896179,23.186455137028062,7.7,0.2267219796579979,0.0,1.5871438942379033,1.8138658738959013,0.7440975857378056,1.6694247698660203,0.0,11.927388229499728,0.0,11.259066907528334,-715.0283201480613
43,44.0,0.27594664698448457,1.2694706808985257,0.08505453562020122,1.0613749579614036,0.23179518346696704,0.7891029752465235,0.07144580992096902,78.2,2.0291,40.0,18.12638334711682,1.601168847072721,2.857832396838761,22.5853845910283,7.7,0.22075731758758765,0.0,1.5496074386236491,1.7703647562112368,0.7259747372268016,1.6261476905540375,0.0,11.822487183992077,0.0,10.762897407036224,-709.8275042935496
44,45.0,0.26885488227094806,1.2392513252429764,0.08302983879127941,1.0368536215193063,0.22583810110759636,0.7703186237710341,0.0697450645846747,78.2,2.0291,40.0,17.660539506614036,1.5630535194938053,2.7898025833869884,22.01339560949483,7.7,0.21508390581675846,0.0,1.513806287418187,1.7288901932349454,0.7086931338693514,1.5849644838836277,0.0,11.722547810987924,0.0,10.290847798506904,-704.936310764512
45,46.0,0.26210157520502037,1.2104037022429177,0.08109704805027548,1.0134402785989052,0.2201653231722171,0.7523869413141976,0.0681215203622314,78.2,2.0291,40.0,17.216928272067378,1.5266683426206384,2.724860814489256,21.46845742917727,7.7,0.2096812601640163,0.0,1.4796228067544015,1.6893040669184178,0.6921959860090618,1.5457289349007635,0.0,11.627228987828245,0.0,9.841228441349026,-700.3354994755174
46,47.0,0.2556634476540572,1.1828372142792576,0.07925009335671025,0.9910614800878772,0.21475729602940802,0.7352516123959866,0.06657007841963661,78.2,2.0291,40.0,16.794020549499706,1.4918990467126965,2.662803136785464,20.948722732997865,7.7,0.20453075812324575,0.0,1.4469497609283006,1.6514805190515465,0.6764314834043077,1.5083080367758461,0.0,11.5362200392317,0.0,9.412502693766164,-696.0072564685254
47,48.0,0.2495192913285285,1.1564690392605075,0.077483425630454,0.969650128949714,0.2095962047159639,0.7188611548043314,0.06508607752958136,78.2,2.0291,40.0,16.390423208788377,1.458641169213469,2.603443101183254,20.4525074791851,7.7,0.1996154330628228,0.0,1.4156891882665825,1.6153046213294053,0.6613522624199849,1.472580538501327,0.0,11.449237422250718,0.0,9.003270056934383,-691.9350647620003
48,49.0,0.24364974381299973,1.1312233158783958,0.07579196216385252,0.9491448080453203,0.20466578480291975,0.7031684131500108,0.06366524821763611,78.2,2.0291,40.0,16.004864371588326,1.426799027122687,2.5466099287054442,19.978273327416456,7.7,0.1949197950503998,0.0,1.3857514197461676,1.5806712147965674,0.64691494009801,1.4384356795739848,0.0,11.366021834468564,0.0,8.612251492947893,-688.1035892273666
49,50.0,0.2380370929725942,1.107030429053461,0.07417103874658189,0.9294891915441317,0.19995115809697914,0.6881301146996313,0.062303672547128784,78.2,2.0291,40.0,15.63618056318377,1.3962848157370218,2.4921469018851514,19.52461228080594,7.7,0.19042967437807537,0.0,1.3570542196544322,1.5474838940325075,0.6330797055236608,1.4057720842180275,0.0,11.286335683774196,0.0,8.238276597031744,-684.4985737153672
50,51.0,0.23266510563664933,1.0838263815004874,0.07261636756053265,0.9106315280434116,0.19543868873478543,0.673706478740703,0.06099774875084742,78.2,2.0291,40.0,15.283305459060221,1.3670178160127606,2.439909950033897,19.09023322510688,7.7,0.18613208450931948,0.0,1.3295220309433808,1.5156541154527003,0.6198099604414468,1.3744967922076952,0.0,11.209960868101843,0.0,7.880272357005035,-681.1067489113643
51,52.0,0.22751887712299249,1.0615522395556989,0.07112400005023183,0.8925241854060609,0.1911158567833137,0.6598608721078224,0.05974416004219473,78.2,2.0291,40.0,14.945260000455132,1.3389236955939825,2.389766401687789,18.673950097736906,7.7,0.182015101698394,0.0,1.3030853106928488,1.4851004123912428,0.6070720023391967,1.3445244070370572,0.0,11.136696821767497,0.0,7.537253275969409,-677.9157496137497
52,53.0,0.2225846987103057,1.04015364323621,0.06969029409682606,0.8751232488867282,0.18697114691665678,0.6465595046356281,0.05853984704133389,78.2,2.0291,40.0,14.621143688882562,1.3119338908561529,2.3415938816533552,18.27467146139207,7.7,0.17806775896824456,0.0,1.277679943374623,1.4557477023428675,0.5948347442647779,1.315776345220229,0.0,11.066358791827875,0.0,7.2083126695641955,-674.9140403107415
53,54.0,0.21784994061519952,1.0195803720197774,0.06831188492532508,0.8583881654068425,0.18299395011676758,0.6337711592474936,0.05738198333727307,78.2,2.0291,40.0,14.310126899131225,1.2859850592290893,2.2952793334909227,17.891391291851235,7.7,0.17427995249215963,0.0,1.25324672149399,1.4275266739861496,0.5830694665076942,1.288180173013289,0.0,10.998776313507134,0.0,6.892614978344101,-672.0908480838677
54,55.0,0.21330294840289665,0.9997859590970676,0.06698565925950352,0.8422814279118201,0.17917447665843317,0.6214669521747371,0.05626795377798295,78.2,2.0291,40.0,14.011444074689475,1.2610185926577593,2.250718151119318,17.523180818466553,7.7,0.17064235872231734,0.0,1.2297308847512574,1.4003732434735747,0.5717495960007581,1.2616690189295918,0.0,10.933791858403925,0.0,6.589388960062628,-669.4361019961699
55,56.0,0.20893295107016494,0.9807273479055887,0.06570873230967444,0.8267682946383845,0.17550367889893853,0.6096201194581139,0.055195335140126534,78.2,2.0291,40.0,13.724387689896993,1.236980184392459,2.2078134056050613,17.169181279894513,7.7,0.16714636085613196,0.0,1.2070817101720415,1.3742280710281733,0.5608505099014648,1.2361810521524048,0.0,10.871259633082044,0.0,6.297921646812469,-666.9403782335127
56,57.0,0.20472997929778947,0.9623645856411772,0.06447842723795887,0.8118165388688682,0.17197318261014313,0.5982058264345558,0.054161878879885446,78.2,2.0291,40.0,13.448302880113193,1.2138194424183573,2.166475155195418,16.82859747772697,7.7,0.16378398343823158,0.0,1.1852521467485475,1.349036130186779,0.5503493603197913,1.2116590183963416,0.0,10.811044508902912,0.0,6.017552968824058,-664.594850361549
57,58.0,0.200684792586616,0.9446605491893743,0.06329225679568808,0.7973962253784594,0.16857522577275744,0.587200997376115,0.05316549570837798,78.2,2.0291,40.0,13.182582655429632,1.191489543775875,2.1266198283351194,16.500692027540627,7.7,0.16054783406929282,0.0,1.1641984890525507,1.3247463231218435,0.5402249175860258,1.188049825982925,0.0,10.753021066690795,0.0,5.747670960849831,-662.3912441414813
58,59.0,0.19678881417343846,0.927580699549425,0.062147906869811476,0.7834795103115533,0.1653026039056883,0.5765841628399226,0.05220424177064164,78.2,2.0291,40.0,12.926663625424824,1.169946924818487,2.0881696708256654,16.184780221068976,7.7,0.1574310513387508,0.0,1.1438800850548678,1.3013111363936187,0.5304574298127288,1.1653041759169662,0.0,10.697072742123314,0.0,5.487707478945662,-660.3217964169424
59,60.0,0.1930340727767322,0.9110928613576511,0.061043221710962624,0.7700404616716299,0.16214862113245504,0.5663353226199159,0.0512763062372086,78.2,2.0291,40.0,12.680022172557985,1.1491510031280714,2.051052249488344,15.880225425174402,7.7,0.15442725822138578,0.0,1.1242590740405796,1.2786863322619653,0.5210284968103227,1.1433762306125568,0.0,10.643091059684844,0.0,5.237134365489558,-658.3792176438739
60,61.0,0.18941315035231993,0.8951670245706919,0.059976190646236355,0.7570548979892677,0.15910704629594874,0.556435822473142,0.050380000142838534,78.2,2.0291,40.0,12.442171020343192,1.1290639273802525,2.0152000057135413,15.586434953436987,7.7,0.15153052028185596,0.0,1.1053001510643308,1.2568306713461868,0.5119209566752907,1.1222233166474629,0.0,10.59097494466894,0.0,4.995460008768047,-656.556657686678
61,62.0,0.18591913514945965,0.8797751657557629,0.05894493610563611,0.7445002430562735,0.1561720735255461,0.5468682430337822,0.04951374632873433,78.2,2.0291,40.0,12.212656149697706,1.1096503519398475,1.9805498531493733,15.302856354786927,7.7,0.14873530811956773,0.0,1.0869703548621592,1.235705662981727,0.5031187835910796,1.1018056575446586,0.0,10.540630104117465,0.0,4.762226250669462,-654.8476745484128
62,63.0,0.1825455794518311,0.8648910867654753,0.057947702813286844,0.7323553948897796,0.15333828673953814,0.5376162995334195,0.04867607036316095,78.2,2.0291,40.0,11.991054023031884,1.0908772333832615,1.947042814526438,15.028974070941583,4.0,0.1460364635614649,0.0,1.0692388765390783,1.2152753401005432,0.49460699557074594,1.082086133107794,0.0,6.791968468779084,0.0,8.2370056021625,-651.9401825389572
63,64.0,0.1792864614681115,0.8504902688578435,0.056982848013475515,0.7206006073261365,0.15060062763321366,0.5286647511220355,0.04786559233131943,78.2,2.0291,40.0,11.77696908091731,1.0727136465017222,1.9146236932527771,14.764306420671808,4.0,0.1434291691744892,0.0,1.0520768866961592,1.1955060558706483,0.4863715710322727,1.0630300622883702,0.0,6.744907689191291,0.0,8.019398731480518,-649.1559058496705
64,65.0,0.17613615090549972,0.8365497405652869,0.05604883261787422,0.7092173828468218,0.14795436676061977,0.5199993187353823,0.04708101939901434,78.2,2.0291,40.0,11.570031480680466,1.0551306176459643,1.8832407759605734,14.508402874287004,4.0,0.14090892072439978,0.0,1.0354573789563597,1.1763662996807596,0.47839937323655174,1.044605006948664,0.0,6.699370679865975,0.0,7.809032194421029,-646.4891134265333
65,66.0,0.1730893778184693,0.8230479578258663,0.05514421317433304,0.6981883754126441,0.14539507736751422,0.5116066105845585,0.046321139066439754,78.2,2.0291,40.0,11.369895050139613,1.0381009735371276,1.8528455626575902,14.260841586334331,4.0,0.13847150225477545,0.0,1.0193550281024604,1.157826530357236,0.4706780817377938,1.0267805942160717,0.0,6.655285206311101,0.0,7.605556380023231,-643.9343869748035
66,67.0,0.17014120437572566,0.809964695070781,0.05426763456974232,0.6874973022325441,0.14291861167560954,0.5034740544559974,0.04558481303858355,78.2,2.0291,40.0,11.176235433032666,1.0215992038966644,1.823392521543342,14.021227158472673,4.0,0.13611296350058052,0.0,1.0037460612595144,1.1398590247600948,0.4631961300995176,1.0095283554100323,0.0,6.612583510269645,0.0,7.408643648203028,-641.4866004708856
67,68.0,0.16728699923206414,0.7972809461186149,0.053417823389947196,0.6771288635229656,0.14052107935493388,0.495589836107331,0.044870971647555644,78.2,2.0291,40.0,10.98874840555583,1.0056013364453853,1.7948388659022259,13.78918860790344,4.0,0.1338295993856513,0.0,0.9886081407435298,1.1224377401291812,0.4559426492187445,0.9928215797690476,0.0,6.571201969116974,0.0,7.217986638786467,-639.1409012739974
68,69.0,0.16452241422962105,0.7849788338624929,0.05259358186878703,0.6670686694260608,0.1381988279528817,0.48794284312892555,0.0441786087697811,78.2,2.0291,40.0,10.807148345915348,0.9900848229929029,1.767144350791244,13.564377519699494,4.0,0.13161793138369685,0.0,0.9739202573620488,1.1055381887457456,0.44890741567861153,0.9766351814183635,0.0,6.531080785842721,0.0,7.033296733856774,-636.8926926916928
69,70.0,0.16184336318576112,0.7730415278542662,0.05179378236623583,0.6573031733524948,0.13594842507603933,0.4805226137142118,0.043506777187638096,78.2,2.0291,40.0,10.631166840946277,0.9750284354875072,1.7402710875055238,13.346466363939308,4.0,0.1294746905486089,0.0,0.9596626330946424,1.0891373236432513,0.4420808046170749,0.9609455782036301,0.0,6.492163706463957,0.0,6.854302657475351,-634.7376178685255
70,71.0,0.1592460025532814,0.7614531689925758,0.05101736232250258,0.6478196110994356,0.13376664214475636,0.47331928984578503,0.04285458435090216,78.2,2.0291,40.0,10.460551415719948,0.9604121710260825,1.7141833740360866,13.135146960782116,4.0,0.12739680204262513,0.0,0.945816632205176,1.073213434247801,0.43545374665812225,0.9457305811763123,0.0,6.454397762082236,0.0,6.68074919869988,-632.6715448805795
71,72.0,0.1567267137633662,0.7501988006113222,0.050263319640958586,0.638605945168268,0.1316504395612276,0.4663235744599978,0.04222118849840521,78.2,2.0291,40.0,10.295064373687998,0.9462171649367815,1.6888475399362086,12.930129078560988,4.0,0.12538137101069297,0.0,0.9323646799456712,1.057746050956364,0.429017688503198,0.930969293656391,0.0,6.417733033115953,0.0,6.512396045445035,-630.6905529304819
72,73.0,0.1542820870833097,0.7392643053435095,0.04953070845801513,0.6296508137711884,0.12959695314998015,0.4595266922015255,0.04160579510473271,78.2,2.0291,40.0,10.134481736328448,0.9324256111461154,1.6642318041893085,12.731139151663871,4.0,0.12342566966664777,0.0,0.919290188105935,1.0427158577725828,0.4227645568254035,0.9166420189197987,0.0,6.382122433517785,0.0,6.349016718146086,-628.7909195480481
73,74.0,0.15190890683988548,0.7286363472041735,0.04881863526267962,0.6209434840723981,0.1276034817455038,0.4529203534221142,0.04100765362065088,78.2,2.0291,40.0,9.978592272498396,0.919020689128812,1.6403061448260354,12.537919106453245,4.0,0.12152712547190839,0.0,0.9065774867457012,1.0281046122176096,0.41668672514834504,0.9027301756646335,0.0,6.347521513030589,0.0,6.190397593422656,-626.9691087110635
74,75.0,0.14960413787575996,0.7183023183964561,0.04812625533256256,0.6124738092592297,0.12566747581563836,0.44649672111523714,0.04042605447935255,78.2,2.0291,40.0,9.82719660878292,0.9059864968149277,1.6170421791741019,12.350225284771948,4.0,0.11968331030060797,0.0,0.8942117615184753,1.0138950718190833,0.4107769834260182,0.8892162205035802,0.0,6.313888275748682,0.0,6.036337009023266,-625.2217598090176
75,76.0,0.14736491312083289,0.7082502903979823,0.04745276945666481,0.6042321890821394,0.12378652702149961,0.44024838051138576,0.039860326343598436,78.2,2.0291,40.0,9.68010641308127,0.8933079888956529,1.5944130537439374,12.167827455720861,4.0,0.11789193049666631,0.0,0.8821789960599234,1.0000709265565897,0.4050285100704749,0.876083576811902,0.0,6.281183013438967,0.0,5.886644442281894,-623.545677380017
76,77.0,0.14518852217312367,0.6984689689314846,0.046797420918409466,0.5962095335408865,0.12195835862542388,0.4341683110878108,0.03930983357146395,78.2,2.0291,40.0,9.537143644508149,0.8809709200282769,1.572393342858558,11.990507907394983,4.0,0.11615081773849895,0.0,0.8704659189696942,0.986616736708193,0.39943484620078595,0.8633165693324387,0.0,6.249368152241418,0.0,5.741139755153565,-621.9378215577095
77,78.0,0.1430724007950341,0.6889476524649166,0.046159492715149415,0.5883972294280745,0.12018081666782865,0.4282498607721921,0.03877397388072551,78.2,2.0291,40.0,9.3981398634242,0.8689617924928551,1.5509589552290204,11.818060611146077,4.0,0.11445792063602729,0.0,0.8590599549649888,0.9735178756010161,0.3939898719104168,0.8509003640025175,0.0,6.21840811151395,0.0,5.599652499632127,-620.3952991709565
78,79.0,0.14101412124070797,0.6796761939228216,0.04553830499282905,0.5807871094711399,0.1184518618421947,0.4224867221424259,0.0382521761939764,78.2,2.0291,40.0,9.262935596059625,0.8572678078991964,1.5300870477590562,11.65029045171788,4.0,0.11281129699256638,0.0,0.8479491798278642,0.9607604768204306,0.38868778437103185,0.8388209125236873,0.0,6.18826917371515,0.0,5.462021278002729,-618.9153554442738
79,80.0,0.13901138333894453,0.6706449653230743,0.04493321267664598,0.5733714238403431,0.1167695620047134,0.41687291044482294,0.03774389864838262,78.2,2.0291,40.0,9.13137974876859,0.8458768225835903,1.509755945935305,11.487012517287486,4.0,0.11120910667115563,0.0,0.8371222788069009,0.9483313854780566,0.38352307760923715,0.8270649012446989,0.0,6.158919364331993,0.0,5.328093152955493,-617.4953662517986
80,81.0,0.13706200626385814,0.6618448250818015,0.044343603280480696,0.566142813813784,0.11513208526164084,0.4114027432708478,0.03724862675560378,78.2,2.0291,40.0,9.003329067460314,0.8347773063708773,1.4899450702241512,11.328051444055342,4.0,0.10964960501108652,0.0,0.8265685081681245,0.9362181131792111,0.37849052380917997,0.8156197039719846,0.0,6.130328340960376,0.0,5.197723103094966,-616.132830881788
81,82.0,0.13516392093232865,0.6532670877548,0.043768894879571606,0.5590942874112925,0.11353769358315606,0.40607082174838366,0.036765871698840144,78.2,2.0291,40.0,8.878647638202803,0.8239583044096453,1.4706348679536059,11.173240810566055,4.0,0.10813113674586293,0.0,0.816277659620487,0.92440879636635,0.373585156008513,0.8044733383607559,0.0,6.102467290735619,0.0,5.070773519830436,-614.8253652724775
82,83.0,0.1333151629733765,0.6449034960064469,0.04320853423243194,0.552219196827575,0.11198473689763626,0.4008720131176074,0.03629516875524283,78.2,2.0291,40.0,8.757206425395156,0.8134094018169372,1.4518067502097132,11.022422577421805,4.0,0.10665213037870121,0.0,0.8062400273682595,0.9128921577469608,0.36880225206819883,0.7936144255743699,0.0,6.07530883538953,0.0,4.9471137420322755,-613.5706956835648
83,84.0,0.13151386622000383,0.6367461946173363,0.04266199503936153,0.5455112175114902,0.11047164762480322,0.3958014345741362,0.03583607583306368,78.2,2.0291,40.0,8.638882844259612,0.8031206908943798,1.4334430333225474,10.875446568476539,4.0,0.10521109297600306,0.0,0.7964463775667757,0.9016574705427788,0.3641373198082053,0.7830321529303107,0.0,6.048826943281295,0.0,4.826619625195244,-612.366652770684
84,85.0,0.12975825667886734,0.6287877063599114,0.042128776326114066,0.5389643287530476,0.10899693561024856,0.39085443827332095,0.035388172113935815,78.2,2.0291,40.0,8.523560364721439,0.7930827407003956,1.4155268845574325,10.732169989979266,4.0,0.10380660534309388,0.0,0.7868879199794494,0.8906945253225433,0.3595860832114553,0.7727162392785071,0.0,6.022996847812506,0.0,4.709173142166759,-611.2111660330305
85,86.0,0.1280466469374434,0.6210209095875036,0.04160840094236273,0.5325727956528571,0.10755918342745244,0.3860265973995922,0.034951056791584695,78.2,2.0291,40.0,8.411128144026781,0.7832865687835127,1.3980422716633878,10.592456984473682,4.0,0.10243731754995472,0.0,0.7775562816531714,0.879993599203126,0.35514446960762486,0.762656902882105,0.0,5.997794971692856,0.0,4.594662012780826,-610.1022586068275
86,87.0,0.12637743097218504,0.6134390173966243,0.041100414165573834,0.5263311523605254,0.10615704201663544,0.38131369321374164,0.03452434789908202,78.2,2.0291,40.0,8.301480685700891,0.7737236149000032,1.3809739159632808,10.456178216564176,4.0,0.10110194477774803,0.0,0.7684434824463671,0.8695454272241151,0.3508085977566423,0.7528448315926206,0.0,5.973198856573378,0.0,4.482979359990798,-609.0380423796062
87,88.0,0.12474907932460488,0.6060355582352943,0.04060438240176472,0.5202341864790082,0.1047892266326681,0.37671170299905893,0.034107681217482366,78.2,2.0291,40.0,8.194517522674646,0.7643857165553906,1.3643072486992947,10.32321048792933,4.0,0.09979926345968392,0.0,0.759541912259352,0.8593411757190359,0.34657476675913423,0.7432711551309117,0.0,5.949187097609082,0.0,4.374023390320248,-608.0167134023475
88,89.0,0.12316013461529136,0.5988043578418102,0.04011989197540128,0.5142769245413827,0.10345451307684474,0.3722167888344692,0.033700709259337075,78.2,2.0291,40.0,8.090142922609258,0.7552650862240214,1.348028370373483,10.193436379206762,4.0,0.0985281076922331,0.0,0.7508443098304188,0.8493724175226519,0.3424394457277117,0.7339274193028869,0.0,5.92573928255325,0.0,4.267697096653512,-607.0365475784081
89,90.0,0.12160920736862373,0.5917395224087769,0.03964654800138805,0.5084546184749751,0.10215173418964392,0.3678252871292957,0.033303100321165964,78.2,2.0291,40.0,7.988265613630155,0.746354290114054,1.3321240128466385,10.066743916590847,4.0,0.09728736589489899,0.0,0.7423437429734636,0.8396311088683626,0.33839926415895205,0.7248055619945409,0.0,5.902835935021855,0.0,4.1639079815689914,-606.0958966098598
90,91.0,0.12009497212342521,0.5848354228766306,0.03918397333273425,0.5027627329754101,0.10087977658367717,0.3635336988601136,0.032914537599496765,78.2,2.0291,40.0,7.888798528843555,0.7376462283570566,1.3165815039798705,9.943026261180483,4.0,0.09607597769874017,0.0,0.7340335901440987,0.830109567842839,0.33445100295130453,0.7158978908049948,0.0,5.880458461599138,0.0,4.062567799581345,-605.1931841834207
91,92.0,0.1186161638070214,0.5780866802693178,0.03873180757804429,0.4971969337200071,0.09963757759789797,0.3593386804554079,0.03253471836555721,78.2,2.0291,40.0,7.791658568155622,0.7291341165120682,1.3013887346222883,9.822181419289977,4.0,0.09489293104561713,0.0,0.7259075232312103,0.8208004542768275,0.33059158601897526,0.7071970621888783,0.0,5.858589102484682,0.0,3.963592316805295,-604.3269023795692
92,93.0,0.11717157435217318,0.5714881519924377,0.03828970618349333,0.4917530763561361,0.09842412245582546,0.35523703527849926,0.032163353194134395,78.2,2.0291,40.0,7.696766376045551,0.7208114682836029,1.2865341277653757,9.70411197209453,4.0,0.09373725948173856,0.0,0.7179594914799586,0.8116967509616972,0.32681807245621936,0.6986960619908061,0.0,5.837210885408723,0.0,3.8669010866858073,-603.4956082897121
93,94.0,0.11576004953815812,0.5650349190210285,0.03785733957440891,0.4864271962057352,0.09723844161205282,0.35122570566347133,0.03180016524250349,78.2,2.0291,40.0,7.604046134062531,0.7126720793617497,1.2720066097001395,9.58872482312442,4.0,0.0926080396305265,0.0,0.7101837064603734,0.8027917460909,0.32312764921039366,0.6903881872649581,0.0,5.816307582566251,0.0,3.772417240558168,-602.6979208274543
94,95.0,0.11438048603890562,0.5587222739104021,0.03743439235199694,0.48121549863222673,0.09607960827268072,0.3473017654627059,0.03144488957567743,78.2,2.0291,40.0,7.513425366923633,0.7047100123003767,1.2577955830270973,9.475930962251105,4.0,0.0915043888311245,0.0,0.702574628003051,0.7940790168341756,0.31951762422568947,0.6822670292820795,0.0,5.795863670341944,0.0,3.680067291909161,-601.9325177210842
95,96.0,0.11303182866256006,0.5525457095690742,0.037020562541127976,0.4761143500206423,0.09494673607655045,0.3434624130681365,0.0310972725345475,78.2,2.0291,40.0,7.424834761186245,0.6969195823565558,1.2438909013819,9.3656452449247,4.0,0.09042546293004805,0.0,0.6951269510301378,0.7855524139601858,0.3159854200226856,0.6743264576345783,0.0,5.77586429161745,0.0,3.58978095330725,-601.1981326753676
96,97.0,0.11171306776817891,0.546500908737921,0.036615560885440705,0.47112026932588874,0.09383897692527028,0.3397049648714917,0.03075707114377019,78.2,2.0291,40.0,7.338207995556136,0.6892953442207439,1.2302828457508077,9.257786185527687,4.0,0.08937045421454314,0.0,0.6878355932157976,0.7772060474303407,0.3125285676817724,0.6665606053579934,0.0,5.756295220470107,0.0,3.50149096505758,-600.4935526916338
97,98.0,0.11042323684647604,0.5405837341243394,0.03621911018633074,0.4662299201478416,0.09275551895103987,0.33602684913168934,0.03042405255651782,78.2,2.0291,40.0,7.253481581971318,0.6818320795731109,1.2169621022607129,9.152275763805141,4.0,0.08833858947718083,0.0,0.6806956834158487,0.7690342728930296,0.3091447012011542,0.6589638549939701,0.0,5.737142829088153,0.0,3.415132934716988,-599.8176155359617
98,99.0,0.10916141025261361,0.5347902191443702,0.035830944682672804,0.46144010329534435,0.09169558461219543,0.3324256002201405,0.030097993533445153,78.2,2.0291,40.0,7.1705947166736825,0.6745247854066871,1.2039197413378062,9.049039243418175,4.0,0.08732912820209089,0.0,0.6737025508112028,0.7610316790132937,0.3058315522025293,0.6515308255261085,0.0,5.718394056741932,0.0,3.330645186676243,-599.1692073460158
99,100.0,0.10792670108003556,0.5291165592295781,0.035450809468381736,0.45674774980428323,0.09065842890722987,0.3288988532171057,0.02977867995344066,78.2,2.0291,40.0,7.089489140545377,0.6673686630628293,1.1911471981376263,8.948005001745832,4.0,0.08634136086402845,0.0,0.6668517147142535,0.753193075578282,0.30258694495973726,0.6442563601256999,0.0,5.700036380663718,0.0,3.247968621082114,-598.5472603677769
100,101.0,0.10671825916523567,0.5235591036589369,0.03507845994514877,0.45214991437771246,0.08964333769879795,0.32544433883439516,0.029465906353924966,78.2,2.0291,40.0,7.010109008046,0.6603591079288713,1.1786362541569986,8.84910437013187,4.0,0.08537460733218855,0.0,0.6601388749914602,0.7455134823236487,0.29940879172764356,0.6371355146494946,0.0,5.682057788700786,0.0,3.1670465814310846,-597.9507508140384
101,102.0,0.10553526921417138,0.518114347879147,0.03471366130790285,0.44764376921856414,0.08864962613990396,0.3220598786416778,0.02915947549863839,78.2,2.0291,40.0,6.93240076414049,0.6534916997518284,1.1663790199455357,8.752271483837854,4.0,0.0844282153713371,0.0,0.6535599030591036,0.7379881184304407,0.29629508835034357,0.6301635468363255,0.0,5.664446753617109,0.0,3.0878247302207447,-597.3786968371243
102,103.0,0.10437694904177816,0.5127789262796801,0.03435618806073857,0.44322659822779864,0.08767663719509365,0.31874338057544915,0.0288591979710204,78.2,2.0291,40.0,6.856313028656324,0.6467621935256439,1.154367918840816,8.657443141022783,4.0,0.08350155923342253,0.0,0.647110833412586,0.7306123926460085,0.29324391012941325,0.6233359061536403,0.0,5.647192208929062,0.0,3.0102509320937214,-596.8301566088114
103,104.0,0.1032425479167178,0.5075496053914859,0.03400582356122955,0.4388957915429824,0.08672374025004295,0.3154928347113476,0.028564891791432824,78.2,2.0291,40.0,6.781796487553359,0.6401665109127954,1.142595671657313,8.564558670123468,4.0,0.08259403833337425,0.0,0.6407878556527543,0.7233818939861285,0.2902534079344398,0.6166482242488897,0.0,5.630283526169458,0.0,2.93427514395401,-596.3042265009387
104,105.0,0.10213134500411146,0.5024232774806868,0.03366235959120602,0.4346488403942116,0.08579032980345362,0.31230630928199493,0.028276382056613054,78.2,2.0291,40.0,6.708803790630073,0.633700732164096,1.1310552822645221,8.473559805058692,4.0,0.08170507600328918,0.0,0.6345873069755489,0.716292382978838,0.28732180453943534,0.6100963059642257,0.0,5.6137104934824995,0.0,2.859849311576192,-595.8000393606303
105,106.0,0.10104264789957332,0.4973969545107895,0.0333255959522229,0.43048333225607627,0.08487582423564158,0.30918194692390677,0.027993500599867233,78.2,2.0291,40.0,6.6372894552271715,0.6273610885032993,1.1197400239946893,8.384390567725161,4.0,0.08083411831965866,0.0,0.6285056650938713,0.70933978341353,0.28444739116999423,0.6036761208762116,0.0,5.597463295459735,0.0,2.7869272722654257,-595.3167628744812
106,107.0,0.09997579124837438,0.492467762448942,0.03299534008407912,0.42639694627597646,0.08397966464863447,0.30611796113826234,0.02771608567062646,78.2,2.0291,40.0,6.567209775523216,0.6211439549456481,1.1086434268250582,8.296997157293923,4.0,0.07998063299869951,0.0,0.6225395415629256,0.7025201745616251,0.28162852424720136,0.5973837953251624,0.0,5.58153249413399,0.0,2.715464663159933,-594.8535980164389
107,108.0,0.09893013544403911,0.48763293589360795,0.03267140670487174,0.42238744896058245,0.08310131377299285,0.3031126329514667,0.02744398163209226,78.2,2.0291,40.0,6.498522737048041,0.6150458435218211,1.0977592652836905,8.211327845853551,4.0,0.0791441083552313,0.0,0.6166856754824503,0.6958297838376817,0.27886362231534934,0.5912156049014556,0.0,5.565909011054487,0.0,2.645418834799065,-594.4097775744657
108,109.0,0.09790506540110636,0.4828898130027097,0.03235361747118155,0.41845269010359487,0.08224025493692934,0.3001643077624843,0.027177038675792502,78.2,2.0291,40.0,6.431187936067874,0.609063396880857,1.0870815470317001,8.12733287998043,4.0,0.07832405232088509,0.0,0.6109409275512485,0.6892649798721336,0.2761511631414856,0.585167967358591,0.0,5.55058411037221,0.0,2.576748769608221,-593.9845647514013
109,110.0,0.09689998939718272,0.4782358307028403,0.0320418006570903,0.4145905989391993,0.08139599109363349,0.2972713923648855,0.02691511255195585,78.2,2.0291,40.0,6.365166503522139,0.6031933822475891,1.076604502078234,8.044964387847962,4.0,0.07751999151774619,0.0,0.605302274451231,0.6828222659689771,0.27348968097569465,0.5792374359250532,0.0,5.535549382869726,0.0,2.509415004978236,-593.5772518357427
110,111.0,0.09591433797977705,0.473668520161556,0.03173579085082425,0.410799180506756,0.08056804390301273,0.29443235213242314,0.02665806431469237,78.2,2.0291,40.0,6.300421033215596,0.5974326857118998,1.0663225725876948,7.964176291515191,4.0,0.07673147038382165,0.0,0.5997668035398638,0.6764982739236854,0.2708777639618293,0.5734206929890937,0.0,5.520796730874608,0.0,2.443379560640583,-593.1871589383428
111,112.0,0.09494756293373709,0.46918550250607216,0.031435428667906835,0.40707651221331403,0.07975595286433915,0.2916457083577744,0.02640576008104174,78.2,2.0291,40.0,6.236915513991321,0.5917783068287601,1.0562304032416696,7.884924224061751,4.0,0.07595805034698967,0.0,0.5943317078314385,0.6702897581784282,0.26831405168915246,0.567714544132446,0.0,5.506318354000027,0.0,2.3786058700617243,-592.81363279129
112,113.0,0.09399913630541426,0.46478448477287093,0.03114056047978235,0.40342074058150273,0.07895927449654798,0.28891003573481655,0.026158070803017172,78.2,2.0291,40.0,6.174615265630052,0.5862273535095163,1.046322832120687,7.807165451260255,4.0,0.07519930904433142,0.0,0.588994281248994,0.6641935902933254,0.26579723287603124,0.5621159124907383,0.0,5.492106735660095,0.0,2.31505871560016,-592.4560456054695
113,114.0,0.0930685494799622,0.4604632560738419,0.030851038156947407,0.39983007817124094,0.07817758156316824,0.28622395997550015,0.025914872051835822,78.2,2.0291,40.0,6.113486878239757,0.5807770371862874,1.036594882073433,7.730858797499478,4.0,0.07445483958396976,0.0,0.5837519141300118,0.6582067537139815,0.26332604317746017,0.5566218334199623,0.0,5.478154630311404,0.0,2.2527041671880736,-592.1137939835329
114,115.0,0.09215531230843224,0.4562196839655823,0.030566718825694013,0.39630280066452117,0.07741046233908308,0.283586155553006,0.02567604381358297,78.2,2.0291,40.0,6.053498154916297,0.5754246682326045,1.0270417525433189,7.65596457569222,4.0,0.07372424984674579,0.0,0.5786020889702009,0.6523263388169467,0.2608992631087655,0.5512294494498398,0.0,5.464455051375552,0.0,2.1915095243166682,-591.7862978852099
115,116.0,0.09125895228156594,0.4520517110094232,0.030287464637631354,0.39283724410327786,0.07665751991651538,0.28099534356345746,0.025441470295610336,78.2,2.0291,40.0,5.994618057471503,0.5701676516246116,1.0176588118244134,7.582444520920529,4.0,0.07300716182525276,0.0,0.5735423763907856,0.6465495382160384,0.25851571607838086,0.5459360055062781,0.0,5.451001259800697,0.0,2.1314432611198315,-591.4729996420891
116,117.0,0.0903790137474031,0.4479573515106069,0.030013142551210664,0.38943180227104174,0.07591837154781861,0.27845028969899327,0.025211039743016958,78.2,2.0291,40.0,5.936816655039415,0.5650034828282273,1.0084415897206784,7.51026172758832,4.0,0.07230321099792249,0.0,0.5685704313157209,0.6408736423136434,0.25617426652307385,0.540738844386359,0.0,5.437786753223076,0.0,2.072474974365244,-591.1733630191717
117,118.0,0.08951505717002471,0.44393468842583617,0.029743624124531024,0.38608492420972357,0.07519264802282076,0.27594980232549976,0.02498464426460606,78.2,2.0291,40.0,5.880065075384584,0.5599297438986716,0.9993857705842424,7.439380589867499,4.0,0.07161204573601977,0.0,0.5636839893461963,0.6352960350822161,0.2538738181394598,0.5356354024704598,0.0,5.424805255692136,0.0,2.0145753341753627,-590.8868723206725
118,119.0,0.08866665842693543,0.439981870429153,0.02947878531875325,0.38279511186345944,0.07447999307862575,0.27349273065876145,0.02476217966775273,78.2,2.0291,40.0,5.824335458748534,0.554944099779693,0.9904871867101093,7.369766745238336,4.0,0.07093332674154834,0.0,0.5588808633206508,0.6298141900621992,0.25161331220606054,0.5306232056571601,0.0,5.41205070792542,0.0,1.9577160373129159,-590.6130315376948
119,120.0,0.087833408142762,0.43609710912677735,0.029218506311494082,0.3795609178419978,0.07378006283992007,0.2710779630332048,0.024543545301655027,78.2,2.0291,40.0,5.7696009140817495,0.550044294790676,0.9817418120662011,7.301387020938627,4.0,0.07026672651420961,0.0,0.5541589400493168,0.6244256665635264,0.24939172599054843,0.5256998655075811,0.0,5.399517258061657,0.0,1.90186976287697,-590.3513635355501
120,121.0,0.08701491105710141,0.4322786764121705,0.028962671319615423,0.37638094329660976,0.07309252528796518,0.26870442525780514,0.024328643908476954,78.2,2.0291,40.0,5.715835477518878,0.5452281492906125,0.9731457563390782,7.234209383148569,4.0,0.06961192884568113,0.0,0.5495161772130502,0.6191281060587314,0.24720807123718075,0.5208630755866969,0.0,5.38719925288261,0.0,1.847010130265959,-590.1014092786301
121,122.0,0.08621078542449942,0.42852490195316195,0.02871116843086185,0.3732538359019744,0.07241705975657951,0.26637107905408547,0.024117381481923952,78.2,2.0291,40.0,5.663014072964518,0.5404935565086448,0.9646952592769581,7.1682028887501215,4.0,0.06896862833959953,0.0,0.5449506004168826,0.6139192287564821,0.24506139272975863,0.5161106079900087,0.0,5.37509122947625,0.0,1.7931116592738716,-589.8627270908611
122,123.0,0.08542066244467439,0.42483417080352076,0.02846388944383589,0.37017828793792057,0.07175335645352648,0.26407692057146853,0.023909667132822148,78.2,2.0291,40.0,5.611112474665771,0.5358384795315668,0.956386685312886,7.103337639510223,4.0,0.06833652995573951,0.0,0.540460300389364,0.6087968303451035,0.24295076692575107,0.511440310044736,0.0,5.363187907315591,0.0,1.7401497321946326,-589.6348919498917
123,124.0,0.08464418572122731,0.42120492113184865,0.028220729715833857,0.3671530344653082,0.07110111600583094,0.2618209789755571,0.02370541296130044,78.2,2.0291,40.0,5.56010727165598,0.5312609484393029,0.9482165184520176,7.0395847385473,4.0,0.06771534857698185,0.0,0.53604343031935,0.6037587788963318,0.24087530065751256,0.5068501011754056,0.0,5.3514841807292495,0.0,1.6881005578180508,-589.4174948132675
124,125.0,0.08388101074719383,0.41763564206113285,0.0279815880180959,0.3641768515907019,0.07046004902764282,0.25960231510520015,0.023504533935200557,78.2,2.0291,40.0,5.5099758339616685,0.5267590575799617,0.9401813574080222,6.976916248949652,4.0,0.06710480859775507,0.0,0.5316982033224248,0.5988030119201798,0.23883412989678415,0.502337969924375,0.0,5.339975111741339,0.0,1.6369411372083134,-589.2101419749565
125,126.0,0.08313080441590216,0.4141248716127265,0.027746366398052676,0.3612485548148369,0.06982987570935781,0.25742002019447074,0.023306947774364248,78.2,2.0291,40.0,5.4606962804717805,0.5223309629766006,0.9322779109745699,6.915305154422951,4.0,0.06650464353272173,0.0,0.5274228900296619,0.5939275335623837,0.2368264185789131,0.4979019711184524,0.0,5.328655923259749,0.0,1.586649231163202,-589.0124544506773
126,127.0,0.08239324455569998,0.41067119474892266,0.02751497004817782,0.358366997460191,0.06921032542678798,0.25527321465593034,0.023112574840469368,78.2,2.0291,40.0,5.412247448374821,0.5179748798583482,0.9245029936187747,6.854725321851944,4.0,0.06591459564455998,0.0,0.5232158162918789,0.5891304119364389,0.23485135748345592,0.49354022317333995,0.0,5.317521992593234,0.0,1.53720332925871,-588.8240673905742
127,128.0,0.08166801948720528,0.4072732415086541,0.027287307181079825,0.3555310691732816,0.06860113636925244,0.2531610469217794,0.022921338032107053,78.2,2.0291,40.0,5.364608864075541,0.5136890803089825,0.9168535212842821,6.795151465668806,4.0,0.06533441558976423,0.0,0.5190753609929911,0.5844097765827554,0.23290816316803703,0.48925090552815403,0.0,5.306568845278947,0.0,1.4885826203898596,-588.6446295178671
128,129.0,0.08095482760182297,0.40392968523119926,0.02706328891049035,0.35273969449757236,0.06800205518553129,0.2510826923397135,0.022733162684811892,78.2,2.0291,40.0,5.317760715508547,0.5094718910265127,0.9093265073924757,6.736559113927536,4.0,0.06476386208145839,0.0,0.5149999539664556,0.5797638160479139,0.2309960769525364,0.4850322562027825,0.0,5.2957921492032325,0.0,1.440766964724303,-588.4738025921802
129,130.0,0.08025337696034733,0.40063924086308783,0.026842829137826887,0.34999183151314034,0.06741283664669176,0.24903735212049538,0.022547976475774584,78.2,2.0291,40.0,5.271683825771296,0.5053216911876972,0.9019190590309833,6.678924575989977,4.0,0.06420270156827787,0.0,0.5109880740091849,0.5751907755774628,0.22911436395085577,0.4808825694712783,0.0,5.285187708999597,0.0,1.3937368669903796,-588.3112608963274
130,131.0,0.0795633849105455,0.3974006633437039,0.02662584444402816,0.3472864705394848,0.06683324332485822,0.2470242523344463,0.022365709332983656,78.2,2.0291,40.0,5.226359628003913,0.501236910411825,0.8946283733193462,6.622224911735085,4.0,0.0636507079284364,0.0,0.5070382469876478,0.5706889549160842,0.2272623121476906,0.4768001936449261,0.0,5.274751460708701,0.0,1.3474734510263842,-588.1566907454015
131,132.0,0.07888457772268542,0.3942127460653528,0.02641225398637864,0.34462263289808653,0.06626304528705575,0.24504264295422326,0.022186293348558057,78.2,2.0291,40.0,5.1817701414477595,0.4972160268184144,0.8874517339423222,6.566437902208496,4.0,0.06310766217814834,0.0,0.5031490440312063,0.5662567062093546,0.22543923151788542,0.47278352895901166,0.0,5.264479466686252,0.0,1.301958435522244,-588.0097900170758
132,133.0,0.07821669024203608,0.39107431940382265,0.026201979400056117,0.34199936973153033,0.06570201980331031,0.24309179694141614,0.022009662696047136,78.2,2.0291,40.0,5.137897948618866,0.4932575651738275,0.8803865078418854,6.511542021634579,4.0,0.06257335219362886,0.0,0.49931907980803425,0.5618924320016632,0.22364445318610285,0.46883102555768963,0.0,5.254367910745456,0.0,1.2571741108891228,-587.8702677020899
133,134.0,0.0775594655574269,0.38798424931570763,0.02599494470415241,0.33941576087619724,0.06514995106823859,0.24117100937464386,0.02183575355148802,78.2,2.0291,40.0,5.094726173536258,0.4893600951220899,0.8734301420595209,6.457516410717869,4.0,0.06204757244594153,0.0,0.49554701087924796,0.5575945833251895,0.22187732862467235,0.4649411815716865,0.0,5.2444130935215485,0.0,1.2131033171963201,-587.7378434739454
134,135.0,0.07691265468500967,0.38494143599898506,0.025791076211932,0.3368709137857128,0.06460662993540812,0.23927959661696907,0.02166450401802288,78.2,2.0291,40.0,5.0522384609489155,0.48552222949549195,0.8665801607209151,6.404340851165323,4.0,0.06153012374800774,0.0,0.4918315341271407,0.5533616578751485,0.22013722888761156,0.46111254128390317,0.0,5.234611428046663,0.0,1.1697294231186595,-587.6122472768916
135,136.0,0.07627601626641743,0.381944812613546,0.02559030244510758,0.3343639625025043,0.06407185366379065,0.2374168955205802,0.021495854053890366,78.2,2.0291,40.0,5.0104189565084285,0.4817426227008093,0.8598341621556147,6.351995741364853,4.0,0.061020813013133945,0.0,0.4881713852536562,0.5491921982667902,0.2184235438789338,0.45734369337826936,0.0,5.224959435523993,0.0,1.1270363058408597,-587.4932189313299
136,137.0,0.07564931628056312,0.3789933440585784,0.02539255405192475,0.33189406667497773,0.06354542567567302,0.23558226266681231,0.02132974540361679,78.2,2.0291,40.0,4.96925228783763,0.4780199691772289,0.8531898161446716,6.30046207315953,4.0,0.0605194530244505,0.0,0.4845653373454675,0.545084790369918,0.21673568165346735,0.45363326926748615,0.0,5.215453741290872,0.0,1.085008331868658,-587.3805077558129
137,138.0,0.0750323277683664,0.3760860258038767,0.025197763728859738,0.32946041061797143,0.06302715532542777,0.23377507363968975,0.02116612153224218,78.2,2.0291,40.0,4.928723546448452,0.4743530019222945,0.8466448612896872,6.249721409660433,4.0,0.06002586221469312,0.0,0.4810121995022383,0.5410380617169314,0.21507306774851456,0.44997994149555115,0.0,5.206091070960997,0.0,1.0436303386994359,-587.2738722048584
138,139.0,0.07442483056973825,0.37322188277233,0.025005866145746108,0.3270622024142783,0.06251685767858013,0.2319947223312803,0.02100492756242673,78.2,2.0291,40.0,4.8888182704649665,0.4707404910824009,0.8401971024970691,6.199755864044437,4.0,0.059539864455790605,0.0,0.4775108155248463,0.5370506799806369,0.21343514454477788,0.4463824222111994,0.0,5.196868246736614,0.0,1.002887617307823,-587.1730795218386
139,140.0,0.07382661107219332,0.37039996827099353,0.024816797874156568,0.32469867305515765,0.06201435330064239,0.23024062027724956,0.020846110214291516,78.2,2.0291,40.0,4.849522428110235,0.4671812426045671,0.8338444085716606,6.150548079286462,4.0,0.05906128885775466,0.0,0.47406006266053013,0.5331213515182848,0.21182137065506962,0.44283946170862526,0.0,5.18778218388198,0.0,0.9627658954044822,-587.0779054062446
140,141.0,0.07323746197049563,0.36761936296830156,0.024630497318876204,0.3223690756178775,0.061519468055216325,0.22851219602109624,0.02068961774785601,78.2,2.0291,40.0,4.810822401917917,0.4636740969464064,0.8275847099142404,6.102081208778563,4.0,0.058589969576396506,0.0,0.4706588504021011,0.5292488199784976,0.21023122033940855,0.43934984703205654,0.0,5.178829887349963,0.0,0.9232513214286007,-586.9881336946625
141,142.0,0.07265718203677868,0.3648791739151159,0.024446904652312765,0.3200726844784384,0.06103203291089409,0.22680889450563602,0.02053539990794272,78.2,2.0291,40.0,4.772704973631918,0.46021792784138604,0.8214159963177088,6.054338897791013,4.0,0.058125745629422944,0.0,0.46730611933852007,0.525431864967943,0.20866418294518516,0.4359124006409529,0.0,5.17000844855408,0.0,0.8843304492369324,-586.9035560548323
142,143.0,0.07208557590061206,0.3621785336074373,0.0242659617516983,0.31780879455773625,0.06055188375651412,0.22513017649038303,0.020383407871426572,78.2,2.0291,40.0,4.735157309759405,0.45681164111663625,0.8153363148570629,6.007305265733104,4.0,0.057668460720489645,0.0,0.4640008400542949,0.5216693007747846,0.2071197623711524,0.43252597913278346,0.0,5.161315042278721,0.0,0.8459902234543826,-586.8239716921914
143,144.0,0.07152245383851763,0.3595165990887292,0.024087612138944857,0.31557672059951725,0.06007886122435481,0.22347551799355406,0.02023359419671368,78.2,2.0291,40.0,4.6981669477445465,0.45345417356072054,0.8093437678685472,5.960964889173814,4.0,0.05721796307081411,0.0,0.4607420120752952,0.5179599751461093,0.20559747655406974,0.4291894720205146,0.0,5.152746923720693,0.0,0.808217965453121,-586.749187068338
144,145.0,0.07096763157246604,0.3568925510899124,0.02391180092302413,0.3133757964785738,0.059612810520871466,0.22184440975748954,0.02008591277534027,78.2,2.0291,40.0,4.661721782732148,0.450144491838922,0.8034365110136108,5.915302785584681,4.0,0.05677410525797283,0.0,0.4575286628587177,0.5143027681166905,0.2040968569768904,0.42590180056209703,0.0,5.144301425655678,0.0,0.7710013599290031,-586.6790156308751
145,146.0,0.0704209300769107,0.35430559320520655,0.023738474744748838,0.31120537453771163,0.059153581264604994,0.22023635673635636,0.019940318785589023,78.2,2.0291,40.0,4.625810054892111,0.44688159145374073,0.7976127514235609,5.870304397769412,4.0,0.05633674406152857,0.0,0.454359846825059,0.5106965908865876,0.20261744819744787,0.4226619166393976,0.0,5.135975955723434,0.0,0.7343284420459781,-586.613277554127
146,147.0,0.06988217539394159,0.35175495110208654,0.023567581723839798,0.3090648249521037,0.05870102733091093,0.218650877605057,0.019796768648025428,78.2,2.0291,40.0,4.590420337277235,0.4436644957484212,0.7918707459210171,5.825955578946673,4.0,0.055905740315153274,0.0,0.4512346444300714,0.5071403847452247,0.20115880739665246,0.41946880168416045,0.0,5.127767993826037,0.0,0.6981875851206363,-586.55179949024
147,148.0,0.06935119845616329,0.34923987176371857,0.023399071408169145,0.3069535351197183,0.05825500670317716,0.21708750428832746,0.01965521998286208,78.2,2.0291,40.0,4.555541524188454,0.4404922549514453,0.7862087993144833,5.782242578454383,4.0,0.05548095876493064,0.0,0.4481521612747887,0.5036331200397193,0.19972050394526128,0.4163214656487156,0.0,5.119675089633697,0.0,0.6625674888206863,-586.4944143302115
148,149.0,0.06882783491692507,0.3467596227623335,0.023232894725076347,0.3048709090765839,0.057815381330217054,0.2155457815090665,0.01951563156906413,78.2,2.0291,40.0,4.521162820022973,0.43736394526004685,0.7806252627625653,5.739152028045585,4.0,0.055062267933540056,0.0,0.44511152725181247,0.5001737951853525,0.19830211898834119,0.4132189460192821,0.0,5.1116948601929755,0.0,0.6274571678526097,-586.4409609744043
149,150.0,0.0683119249875498,0.3443134915620725,0.02306900393465886,0.302816366935716,0.05738201698954183,0.21402526635498426,0.01937796330511344,78.2,2.0291,40.0,4.4872737285821716,0.4342786679608986,0.7751185322045375,5.696670928747608,4.0,0.054649539990039846,0.0,0.44211189572614534,0.4967614357161852,0.19690324504658552,0.41016030686982774,0.0,5.103824987632598,0.0,0.5928459411150095,-586.3912841121348
150,151.0,0.06780331328122814,0.3419007848499228,0.022907352584944828,0.30078934434859844,0.056954783156231634,0.21252552786271203,0.019242176171353653,78.2,2.0291,40.0,4.4538640428173135,0.43123554858622903,0.7696870468541461,5.654786638257688,4.0,0.054242650624982514,0.0,0.4391524427489537,0.4933950933739362,0.19552348563369507,0.4071446379545535,0.0,5.096063216962185,0.0,0.558723421295503,-586.3452340099354
151,152.0,0.06730184866326286,0.3395208278934333,0.02274789546886003,0.2987892919881663,0.0565335528771408,0.21104614661855814,0.019108232193842424,78.2,2.0291,40.0,4.4209238349924105,0.42823373610371634,0.7643292877536969,5.613486858849823,4.0,0.05384147893061029,0.0,0.4362323663027228,0.4900738452333331,0.1941624548890735,0.40417105383718727,0.0,5.088407353959593,0.0,0.5250795048902299,-586.3026663081175
152,153.0,0.0668073841073645,0.33717296392396784,0.022590588582905843,0.29681567505229756,0.05611820265018618,0.2095867143751384,0.018976094409640907,78.2,2.0291,40.0,4.388443447244559,0.42527240213859335,0.7590437763856362,5.572759625768788,4.0,0.0534459072858916,0.0,0.4333508855763544,0.48679679286224603,0.19281977722512733,0.40123869305535276,0.0,5.080855263142726,0.0,0.4919043626260624,-586.2634418252748
153,154.0,0.06631977655771565,0.33485655354432364,0.022435389087469684,0.29486797278686844,0.05570861230848114,0.20814683368315157,0.018845726833474533,78.2,2.0291,40.0,4.356413482523226,0.4223507402264829,0.7538290733389813,5.53259329608869,4.0,0.05305582124617252,0.0,0.4305072402688279,0.48356306151500045,0.19149508698849946,0.39834671731838567,0.0,5.073404865821885,0.0,0.45918843026680456,-586.2274263703863
154,155.0,0.06583888679653624,0.3325709741595974,0.022282255268693027,0.29294567802748134,0.05530466490909044,0.20672611753760575,0.01871709442570214,78.2,2.0291,40.0,4.324824795890873,0.41946796509555584,0.7486837770280856,5.4929765380145135,4.0,0.052671109437229,0.0,0.4277006899201227,0.48037179935735175,0.1901880281345973,0.39549431073704494,0.0,5.066054138228994,0.0,0.4269223997855196,-586.1944905621956
155,156.0,0.06536457931689625,0.33031561943024473,0.022131146501826397,0.2910482967590149,0.054906246626192846,0.2053241890378401,0.018590163061534173,78.2,2.0291,40.0,4.293668486168281,0.4166233119766814,0.7436065224613669,5.45389832060633,4.0,0.052291663453517004,0.0,0.4249305132681617,0.4772221767216787,0.1888982539148129,0.3926806790836557,0.0,5.058801109720147,0.0,0.395097210886183,-586.1645096555546
156,157.0,0.06489672220053541,0.3280898987463307,0.02198202321600416,0.2891753476921963,0.05451324664844975,0.20394068106071914,0.018464899501443494,78.2,2.0291,40.0,4.26293588790877,0.41381603594030525,0.7385959800577397,5.415347903906816,4.0,0.05191737776042833,0.0,0.4221960076306066,0.4741133853910349,0.18762542657586162,0.3899050490812907,0.0,5.051643861048187,0.0,0.3637040428586289,-586.1373633744392
157,158.0,0.06443518700046187,0.32589323672202,0.02183484686037534,0.28732636185643073,0.05412555708038797,0.2025752359464076,0.018341271362715284,78.2,2.0291,40.0,4.23261856368634,0.4110454112588557,0.7336508545086113,5.377314829453807,4.0,0.0515481496003695,0.0,0.4194964883103889,0.4710446379107584,0.186369217070695,0.3871666677206741,0.0,5.044580522702127,0.0,0.33273430675168036,-586.1129357513547
158,159.0,0.06397984862811391,0.323725072709406,0.0216895798715302,0.28550088220816444,0.05374307284761569,0.20122750519616672,0.018219247092085368,78.2,2.0291,40.0,4.202708296683547,0.4083107307935419,0.7287698836834147,5.339788911160504,4.0,0.05118387890249113,0.0,0.41683128802392005,0.4680151669264112,0.1851293047804734,0.3844648016035562,0.0,5.037609273310442,0.0,0.3021796378500623,-586.0911149728641
159,160.0,0.06353058524487967,0.3215848603308209,0.021546185642165,0.28369846325409626,0.05336569160569892,0.19989714918163826,0.0180987959394186,78.2,2.0291,40.0,4.173197083565656,0.4056113054044622,0.723951837576744,5.302760226546862,4.0,0.05082446819590374,0.0,0.4141997563509805,0.46502422454688425,0.1839053772471072,0.38179873631137407,0.0,5.030728338105366,0.0,0.2720318884414965,-586.071793230984
160,161.0,0.06308727815777983,0.31947206702881387,0.02140462849093053,0.2819186706885829,0.052993313652535054,0.1985838368651107,0.017979887932381644,78.2,2.0291,40.0,4.1440771276282415,0.4029464633829961,0.7191955172952658,5.266219108306503,4.0,0.05046982252622387,0.0,0.411601259205331,0.46207108173155487,0.18269712991590184,0.37916777579806815,0.0,5.023935987445525,0.0,0.2422831208609777,-586.0548665802031
161,162.0,0.06264981171912906,0.31738617363302374,0.02126487363341259,0.28016108104461884,0.05262584184406841,0.19728724553028756,0.017862493852066574,78.2,2.0291,40.0,4.11534083220615,0.4003155499055065,0.714499754082663,5.23015613619432,4.0,0.050119849375303255,0.0,0.4090351783251435,0.4591550277004468,0.18150426588786456,0.376571241805991,0.0,5.017230535394303,0.0,0.2129256008000171,-586.0402347998938
162,163.0,0.062218073230000434,0.31532667394321395,0.021126887154195334,0.27842528135780276,0.05226318151320036,0.19600706052310177,0.01774658520952408,78.2,2.0291,40.0,4.086980794332269,0.3977179265074258,0.7098634083809632,5.194562129220658,4.0,0.04977445858400035,0.0,0.40650091078239203,0.4562753693663924,0.18032649568125364,0.3740084733038873,0.0,5.010610338351533,0.0,0.1839517908691244,-586.0278012618924
163,164.0,0.06179195284732629,0.3132930743277676,0.02099063597996043,0.27671086884272694,0.05190524039175408,0.19474297500214033,0.01763213422316676,78.2,2.0291,40.0,4.058989798635169,0.39515297057684295,0.7052853689266704,5.159428138138683,4.0,0.04943356227786103,0.0,0.40399786851038133,0.4534314307882424,0.1791635370019691,0.37147882594598514,0.0,5.004073793736197,0.0,0.15535434440248608,-586.0174728030385
164,165.0,0.06137134349447673,0.31128489333698206,0.020856087853577798,0.2750174505812616,0.051551928535360454,0.19349468969826802,0.01751911379700535,78.2,2.0291,40.0,4.031360811465188,0.39262007486675565,0.700764551880214,5.124745438212157,4.0,0.04909707479558139,0.0,0.4015254778486419,0.4506225526442233,0.1780151145224066,0.36898167155127526,0.0,4.9976193387179055,0.0,0.12712609949425158,-586.0091596024703
165,166.0,0.06095614077516582,0.30930166133052994,0.020723211309145506,0.2733446432222233,0.05120315825113929,0.1922619126830574,0.017407497499682224,78.2,2.0291,40.0,4.004086975239092,0.3901186470251918,0.6962998999872889,5.090505522251573,4.0,0.04876491262013266,0.0,0.399083179104446,0.4478480917245787,0.1768809596684128,0.36651639760211324,0.0,4.991245448995104,0.0,0.09926007325646857,-586.0027750634838
166,167.0,0.06054624289054168,0.3073429201184849,0.02059197564793849,0.2716920726919473,0.05085884402805501,0.1910443591456502,0.01729725954426833,78.2,2.0291,40.0,3.977161602993902,0.38764810914243886,0.6918903817707333,5.056700093907074,4.0,0.04843699431243335,0.0,0.396670426130243,0.44510742044267637,0.17576081041399821,0.3640824067613093,0.0,4.984950637617985,0.0,0.07174945628908969,-585.9982356997708
167,168.0,0.060141550559324686,0.30540822261534195,0.02046235091522791,0.2700593739153041,0.05051890246983273,0.18984175117769655,0.017188374768791446,78.2,2.0291,40.0,3.95057817314092,0.3852078973146641,0.6875349907516579,5.023321061207242,4.0,0.04811324044745975,0.0,0.39428668591634397,0.4423999263638037,0.17465441108348084,0.3616791164069214,0.0,4.978733453854205,0.0,0.04458760735303713,-585.9954610258603
168,169.0,0.05974196694086381,0.3034971325064848,0.02033430787793448,0.26844619054672375,0.050183252230325597,0.18865381756603095,0.017080818617464962,78.2,2.0291,40.0,3.9243303244114616,0.38279746122323344,0.6832327446985985,4.990360530333293,4.0,0.04779357355269105,0.0,0.3919314381982167,0.4397250117509077,0.17356151216074847,0.3593059581839971,0.0,4.972592482095654,0.0,0.017768048237639,-585.9943734515949
total,,74.46169715136301,264.7976623830674,17.741443379665515,240.03012345161187,62.54782560714494,164.59822693731468,14.90281243891903,13215.800000000003,342.91790000000003,6760.0,4891.239962478734,333.9862622785052,596.1124975567612,5821.338722314001,926.0000000000001,59.56935772109042,0.0,350.4439802393533,410.0133379604438,151.4303687823295,419.136388006608,0.0,1906.5800947493817,3800.0,114.75862756461834,
